Time,AirExchangeRate,AttenuationGroundwater,ConstAe,EntryRate,ExitRate,IndoorConcentration,IndoorOutdoorPressure,Pathway,logIndoorConcentration,logAttenuationGroundwater
0.0,0.4923094940689865,1.1912852114278869e-05,No,93162.80908941943,93162.80908941924,630.7875446359255,-0.299324683,No,2.7998831092775176,-4.923984249499195
0.023,0.4872908020782872,1.203557408330748e-05,No,93163.03705941199,93163.03705941208,637.2856937587253,-0.29940168709029064,No,2.8043341692387234,-4.919533189537989
0.046,0.4824200676235048,1.2157100764771006e-05,No,93163.02121551508,93163.11369714313,643.7205522017548,-0.29963059669847586,No,2.8086973751617874,-4.915169983614925
0.092,0.4731165280219484,1.239609546308397e-05,No,93163.0611165,93162.60971969644,656.3753621065248,-0.30053151649240994,No,2.817152270885016,-4.906715087891697
0.184,0.4562195629526712,1.285525383744778e-05,No,93162.93760054263,93162.93760054275,680.6878760860122,-0.3040174465576905,No,2.8329480153382036,-4.890919343438509
0.368,0.4289332645638783,1.3673033263561865e-05,No,93162.94565210392,93162.94565210346,723.9894357212553,-0.3170191739351687,No,2.8597322291233382,-4.864135129653374
0.736,0.3977285965006849,1.4745805443983814e-05,No,93163.099884476,93163.09988447573,780.7929050458682,-0.3614901403759267,No,2.892535858304347,-4.831331500472365
1.472,0.4564641717795875,1.2848435992218275e-05,No,93163.45237920768,93163.45237920783,680.3268700220763,-0.6033559760505736,No,2.832717624086931,-4.891149734689781
2.944,0.4938745789610526,1.1875247820849754e-05,No,93163.96584329754,93163.96584329744,628.7963909061241,-0.3038032495140178,No,2.798510040324524,-4.925357318452189
5.2440000000000015,0.4195559473207889,1.3974168304689145e-05,No,93164.48905531154,93133.18702429457,739.9345873419019,-0.4719115710224248,No,2.8691933283632496,-4.854674030413463
7.544,0.5132113461143899,1.018646270489727e-05,No,93164.8874847314,83044.00046176347,539.3749319229702,0.13784394973952704,No,2.731890758244953,-4.99197660053176
9.844,0.5029425913743472,1.293432339869255e-05,No,93165.21623738711,103335.78526662664,684.8746227957482,-0.04776389099564343,No,2.8356110742490883,-4.888256284527625
12.144,0.4815204001413447,1.1518220494425126e-05,No,93165.52562648238,88102.59343517429,609.8917332772942,0.31595257622722106,No,2.785252746792058,-4.938614611984654
14.444,0.5725737188663039,1.0301620189802007e-05,No,93165.84171779089,93696.97228607758,545.4725403254483,-0.030826988514471625,No,2.736772892623167,-4.987094466153545
16.744,0.4226820114974961,1.4085173779409265e-05,No,93166.18822605509,94572.43879467096,745.8123460992629,0.19298802702948714,No,2.8726295683500442,-4.851237790426668
19.044,0.5346715541958789,8.759934029387102e-06,No,93166.57907540306,74400.61547505017,463.839996044832,-0.030852659136124057,No,2.666368194307689,-5.057499164469023
21.344,0.4330674347007576,1.4244244529121747e-05,No,93167.02830183397,97990.40698396332,754.2351693385665,-0.6423693690950572,No,2.877506779320679,-4.846360579456033
23.644000000000002,0.4681037411043225,1.1407338349720375e-05,No,93167.54871489873,84823.27740933839,604.0205048652133,-0.2467967775,No,2.7810516819963964,-4.942815676780317
0.0,0.5,1.1729620394598567e-05,Yes,93162.80908941926,93162.80908941916,621.0853939294611,-0.299324683,No,2.793151316058584,-4.930716042718128
0.023,0.5,1.1729649097056602e-05,Yes,93163.03705942404,93163.03705942401,621.0869137294935,-0.29940168709029064,No,2.79315237877873,-4.930714979997983
0.046,0.5,1.1729647102237128e-05,Yes,93163.0212155196,93163.02121551947,621.0868081034633,-0.29963059669847586,No,2.793152304919814,-4.930715053856899
0.092,0.5,1.1729652125952443e-05,Yes,93163.0611165068,93163.06111650645,621.0870741100431,-0.30053151649240994,No,2.7931524909246743,-4.930714867852038
0.184,0.5,1.1729636574732408e-05,Yes,93162.93760054397,93162.93760054477,621.0862506702986,-0.3040174465576905,No,2.7931519151349193,-4.930715443641794
0.368,0.5,1.1729637588460392e-05,Yes,93162.94565210547,93162.94565210516,621.0863043473678,-0.3170191739351687,No,2.7931519526686013,-4.930715406108111
0.736,0.5,1.1729657007015907e-05,Yes,93163.09988447774,93163.0998844775,621.0873325631834,-0.3614901403759267,No,2.793152671647723,-4.93071468712899
1.472,0.5,1.1729701387702165e-05,Yes,93163.45237920957,93163.45237920982,621.0896825280653,-0.6033559760505736,No,2.7931543148543967,-4.9307130439223155
2.944,0.5,1.172976603516094e-05,Yes,93163.96584329949,93163.96584329962,621.0931056219978,-0.3038032495140178,No,2.7931567084325724,-4.93071065034414
5.2440000000000015,0.5,1.1729833599883964e-05,Yes,93164.50247783557,93164.50247783515,621.0966831855678,-0.4719115710224248,No,2.7931592100086298,-4.930708148768082
7.544,0.5,1.1729882411796187e-05,Yes,93164.89016769292,93164.89016769273,621.0992677846182,0.13784394973952704,No,2.7931610172550703,-4.930706341521642
9.844,0.5,1.1729923824820562e-05,Yes,93165.21909169515,93165.21909169485,621.101460611299,-0.04776389099564343,No,2.793162550554006,-4.930704808222707
12.144,0.5,1.1729962157745642e-05,Yes,93165.52355192973,93165.52355192977,621.1034903461983,0.31595257622722106,No,2.7931639698088007,-4.9307033889679115
14.444,0.5,1.1730001383840257e-05,Yes,93165.83510618651,93165.83510618653,621.1055673745767,-0.030826988514471625,No,2.7931654221278897,-4.9307019366488225
16.744,0.5,1.1730043530230213e-05,Yes,93166.1698549632,93166.16985496346,621.1077990330898,0.19298802702948714,No,2.7931669825634864,-4.930700376213226
19.044,0.5,1.1730090449617007e-05,Yes,93166.54251338977,93166.54251338953,621.1102834225969,-0.030852659136124057,No,2.7931687197087895,-4.930698639067923
21.344,0.5,1.1730144563838291e-05,Yes,93166.97231697204,93166.972316972,621.1131487798134,-0.6423693690950572,No,2.793170723227312,-4.9306966355494
23.644000000000002,0.5,1.1730207096632753e-05,Yes,93167.46898528676,93167.46898528658,621.1164599019106,-0.2467967775,No,2.79317303842258,-4.9306943203541325
0.0,0.4923094940689865,4.5708962980621944e-05,No,357460.61069077544,357460.61069077475,2420.297360347638,-0.299324683,Yes,3.383868727147593,-4.339998631629119
0.023,0.4872908020782872,4.615852800227207e-05,No,357296.39458023023,357296.51324632386,2444.1019046700667,-0.29940168709029064,Yes,3.388119309472831,-4.335748049303882
0.046,0.4824200676235048,4.6688904353702396e-05,No,357797.4140215814,357789.55763067974,2472.185422642282,-0.29963059669847586,Yes,3.3930810412591503,-4.330786317517562
0.092,0.4731165280219484,4.772560137842105e-05,No,358758.8329020305,358680.81107448065,2527.0787063396288,-0.30053151649240994,Yes,3.402618768313539,-4.321248590463174
0.184,0.4562195629526712,4.971172962570513e-05,No,360264.4570958378,360264.43535821256,2632.244534675123,-0.3040174465576905,Yes,3.420326232634513,-4.303541126142199
0.368,0.4289332645638783,5.408932751225939e-05,No,368545.6731228327,368544.4906224663,2864.039086959811,-0.3170191739351687,Yes,3.456978940708138,-4.266888418068574
0.5519999999999999,0.409689856535564,5.867548599994032e-05,No,381611.4002493258,381856.7926240751,3106.8769585294594,-0.3367150201890442,Yes,3.4923240542560032,-4.231543304520709
0.736,0.3977285965006849,6.316251463312561e-05,No,398819.4941937362,399056.9170381494,3344.4658874514885,-0.3614901403759267,Yes,3.524326770637842,-4.199540588138871
1.104,0.39603062813858536,7.094480662426419e-05,No,446311.6341892465,446311.41782336135,3756.539571371914,-0.42814298826479497,Yes,3.574787968056103,-4.149079390720609
1.2859052663594424,0.4198012130767909,7.509175718355819e-05,No,500688.13606041844,500754.1645906189,3976.1213084681267,-0.5041535393534703,Yes,3.599459625925135,-4.124407732851578
1.4678105327188848,0.4555797442275068,7.930710926804834e-05,No,573537.5682377275,573938.2116145942,4199.324917951734,-0.6010556355207234,Yes,3.6231794789756995,-4.100687879801013
1.6497157990783275,0.4931636882678735,8.275085424870422e-05,No,645943.0176618545,648264.4277170822,4381.671800114111,-0.6965019365689625,Yes,3.641639844530614,-4.082227514246099
1.772978459125109,0.5144816132535042,8.463869165086535e-05,No,691720.7077337204,691715.3499630481,4481.633111490901,-0.7490136624535864,Yes,3.6514363001738572,-4.072431058602855
1.8962411191718904,0.5287694034208332,8.591404311900559e-05,No,721301.6430905972,721637.4915802832,4549.163188538675,-0.7836425288067098,Yes,3.6579315162123853,-4.065935842564327
2.019503779218672,0.5329807309359549,8.656116404712254e-05,No,732508.6162404084,732863.6979233781,4583.4283516930245,-0.7932671206817808,Yes,3.6611904468331393,-4.062676911943573
2.1427664392654533,0.5312628601240672,8.486172933062463e-05,No,715999.6906798569,716159.8131268154,4493.44299455056,-0.7664649503167019,Yes,3.652579236444114,-4.071288122332599
2.2660290993122345,0.5273871598201586,8.03419759671259e-05,No,672280.2800840981,673070.6827021652,4254.121285595231,-0.7074548839235595,Yes,3.628809867539881,-4.095057491236831
2.4086628695201755,0.5209844840599035,7.274041702714502e-05,No,601935.2161796528,601989.8785980432,3851.617447458223,-0.6135700346707316,Yes,3.585643145350626,-4.138224213426087
2.5512966397281165,0.5133973097536626,6.402497154298923e-05,No,522052.81527777424,522145.568201332,3390.133127446441,-0.5086586489281406,Yes,3.530216752887496,-4.193650605889216
2.693930409936057,0.5055401587117184,5.601057216494116e-05,No,448390.2216784735,449794.64750673994,2965.7693179309017,-0.4099399721834445,Yes,3.4721373679176457,-4.251729990859067
2.774785614536098,0.5013137638399808,5.233906604509237e-05,No,416317.1398010903,416796.64143954,2771.3624447288685,-0.3632724214737059,Yes,3.4426933274611318,-4.28117403131558
2.8556408191361387,0.4974610809224662,4.931514403665177e-05,No,389483.09373728797,389697.8669250193,2611.2452603151974,-0.3272648653842499,Yes,3.416847664698916,-4.3070196940777965
2.93649602373618,0.4941487007242353,4.77593976447378e-05,No,373641.10232911626,374891.0842150128,2528.868224386466,-0.30505398939081896,Yes,3.4029261994856257,-4.3209411592910865
2.9961116587307672,0.4921498411831397,4.727272123194041e-05,No,369565.9993607157,369569.8773155251,2503.0986255938533,-0.2993470541617643,Yes,3.398477961756582,-4.32538939702013
3.049765730225896,0.4906272349633975,4.732011269914104e-05,No,368800.7074813182,368795.85922516364,2505.608011838677,-0.299324683,Yes,3.3989131290638985,-4.324954229712814
3.1034198017210253,0.4892293513750606,4.73814255065224e-05,No,368221.0855564681,368221.58311629976,2508.8545354126964,-0.299324683,Yes,3.3994754814425554,-4.324391877334157
3.2107279447112815,0.4867402066714998,4.75084478672904e-05,No,367330.2277569217,367330.2358255719,2515.580391009164,-0.299324683,Yes,3.400638200737021,-4.323229158039692
3.4253442306917967,0.4825281594725989,4.776762738463266e-05,No,366138.1199765318,366138.1197866746,2529.3039905129544,-0.299324683,Yes,3.4030010292132675,-4.3208663295634455
3.8545768026528258,0.473487052433835,4.8485214474713204e-05,No,364675.042477104,364675.0424771047,2567.3003489225243,-0.299324683,Yes,3.409476679832062,-4.31439067894465
4.075888574447864,0.4657465833365804,4.9284685325292654e-05,No,364628.19209348474,364628.22149291716,2609.6324663707505,-0.30016148424537986,Yes,3.416579346776349,-4.307288012000363
4.232752853260962,0.4551501603125023,5.0979162768560296e-05,No,368582.36533249135,368583.604046926,2699.3553350529387,-0.30679241740328483,Yes,3.4312600575447187,-4.292607301231994
4.3896171320740605,0.44144394776767176,5.366194871988826e-05,No,376592.7503063813,376296.8825447895,2841.409307249365,-0.3191186364826472,Yes,3.4535337986915957,-4.270333560085117
4.546481410887159,0.4269477188996468,5.711008196904218e-05,No,387784.1265904117,387325.50388902257,3023.9885489747176,-0.3360396701736877,Yes,3.4805801422767524,-4.243287216499961
4.860209968513357,0.4048643049842458,6.490629169191009e-05,No,417475.3686492114,417431.19331185357,3436.7991791562263,-0.37926429615168544,Yes,3.536154155956731,-4.187713202819982
5.142565670376935,0.4083937534718884,7.055002570845168e-05,No,457334.77277229493,457683.10449972464,3735.6358547668874,-0.4352680693215511,Yes,3.5723645351241546,-4.151502823652558
5.325204652046862,0.43125734906620544,7.428734266541277e-05,No,508739.44644024345,508908.7826743136,3933.5274229818583,-0.5060263011229659,Yes,3.594782182243343,-4.129085176533369
5.5078436337167895,0.462396393427809,7.80820125027295e-05,No,571581.5910235775,573527.2402005674,4134.455835961653,-0.589353133886099,Yes,3.6164183571797968,-4.107449001596915
5.690482615386717,0.4931640915852212,8.105408080432921e-05,No,635037.7233453054,634972.5420424914,4291.827357782968,-0.6667045088502479,Yes,3.6326422437994594,-4.091225114977253
5.873121597056646,0.5149136485669652,8.249122908689059e-05,No,683643.6939175003,674731.1983007651,4367.9246036598015,-0.7195363672547113,Yes,3.640275133245878,-4.083592225530834
6.0061967307834045,0.5201401075666031,8.384262404770906e-05,No,688002.957335569,692745.6681375054,4439.481196572282,-0.7319569546896716,Yes,3.6473322208735057,-4.076535137903207
6.125964351137488,0.519225963142382,8.244514476701451e-05,No,678791.6840344243,680001.8574944265,4365.484431088028,-0.7153168770690633,Yes,3.6400324437059344,-4.083834915070778
6.212250252782211,0.5177036214946497,8.012233792994591e-05,No,658899.6401127272,658905.9507855385,4242.4914141880845,-0.6868901376016073,Yes,3.627620972079988,-4.096246386696725
6.289907564262463,0.5158668577668347,7.723199391594379e-05,No,632894.5512211404,632883.0842481346,4089.447207288189,-0.6516325761936517,Yes,3.6116646060391875,-4.112202752737526
6.367564875742713,0.5137105048928282,7.363182953025308e-05,No,601116.0580364257,600859.1121870846,3898.8178910379206,-0.6089029168747445,Yes,3.590932950303559,-4.132934408473154
6.445222187222963,0.5113526938933132,6.948769318221637e-05,No,564806.0536021658,564439.0550905747,3679.3851669061983,-0.5603329881653418,Yes,3.56577525320385,-4.158092105572862
6.600536810183463,0.5065052216004912,6.019887857157684e-05,No,484304.914671051,484351.8260112594,3187.5408541743504,-0.4521996366568747,Yes,3.503455759756923,-4.22041159901979
6.755851433143962,0.5022694890538353,5.06910205393599e-05,No,403874.1357179377,404442.1826695695,2684.098155032598,-0.3402871498319016,Yes,3.428798393542253,-4.295068965234459
6.911166056104463,0.4995905444188119,4.1917825065779774e-05,No,332661.4898556328,332660.75161641964,2219.5559632632994,-0.23765015585407384,Yes,3.3462660996790397,-4.3776012590976725
6.9830872490135505,0.4991402109849256,3.863750940678823e-05,No,306352.05478503,306351.7006393634,2045.8626914660354,-0.1968951136092555,Yes,3.3108764825825476,-4.412990876194165
7.05500844192264,0.4993401211610373,3.570159128050879e-05,No,283140.5413527647,283186.56759420026,1890.4053275734577,-0.15909098820083284,Yes,3.276554932562365,-4.4473124262143475
7.126929634831728,0.5002240233363513,3.266966380720447e-05,No,260136.753515018,259595.89685352804,1729.8642524343234,-0.11809025462823275,Yes,3.238012024093068,-4.485855334683644
7.1988508277408165,0.5016845317119722,2.975240604463761e-05,No,238127.91455762344,237105.3845255641,1575.394957972589,-0.07458743844505507,Yes,3.1973894511826906,-4.526477907594022
7.270772020649905,0.5036104870813891,2.728409986179587e-05,No,218333.34893303734,218269.47763970806,1444.6977259790674,-0.029570446958727906,Yes,3.1597769891882175,-4.564090369588495
7.342693213558992,0.505890730238091,2.5177331641416704e-05,No,201733.9712926613,202327.5560689842,1333.1439905593934,0.0159728125233205,Yes,3.124877059337459,-4.5989902994392535
7.3931997996536705,0.507643941193709,2.3905225039585585e-05,No,192770.59708685614,192770.53696472448,1265.7857297343132,0.047738203398447504,Yes,3.102360195199661,-4.621507163577052
7.443706385748349,0.5094785556135475,2.2895818975563398e-05,No,185320.34814730613,185297.9886016717,1212.3375070453078,0.0789338063874245,Yes,3.0836235414823903,-4.640243817294323
7.544719557937706,0.5132380097012611,2.136753451793526e-05,No,174205.4270328203,174205.49095736074,1131.41458520554,0.13824713363396032,Yes,3.0536217729844286,-4.6702455857922835
7.633927589166856,0.5164547105728783,2.0403357388761398e-05,No,167381.3833067684,167387.29581273935,1080.361242305672,0.18540827612956126,Yes,3.0335689955869602,-4.690298363189752
7.723135620396005,0.5193529530125065,1.9709694052144065e-05,No,162474.04676766766,162603.9538959134,1043.631650709017,0.22570464497712225,Yes,3.0185472416813797,-4.705320117095333
7.812343651625153,0.521720614559622,1.919321470154058e-05,No,158978.76256549972,159064.89098619643,1016.2839812930728,0.2572510402422562,Yes,3.007015080266418,-4.716852278510294
7.901551682854301,0.5233455727537015,1.885389893532801e-05,No,156645.94178519724,156739.45879177641,998.3171537884372,0.2781622619905768,Yes,2.9992685335308686,-4.724598825245844
7.990759714083451,0.5240157051342214,1.8673227501463288e-05,No,155364.24670116394,155436.24824448882,988.750570651156,0.28655311028769714,Yes,2.9950867471561264,-4.728780611620586
8.079967745312599,0.5219040612929612,1.8648562849448667e-05,No,154813.95394790015,154605.3999060973,987.4445731339913,0.2856949719245692,Yes,2.9945127273287433,-4.729354631447969
8.169175776541747,0.515138392135058,1.8827366159969825e-05,No,154521.3565670148,154064.33034205812,996.9122388226493,0.2825790110377477,Yes,2.9986569277473096,-4.725210431029403
8.24946300464798,0.5058709287229559,1.9219802895825986e-05,No,154458.7618437971,154446.2134650648,1017.691830700478,0.27808951943599153,Yes,3.00761628832703,-4.716251070449683
8.329750232754215,0.4943434545173505,1.9695419767890867e-05,No,154532.00357407687,154661.6513787336,1042.8758249311818,0.2721770904117828,Yes,3.018232600125781,-4.705634758650931
8.410037460860448,0.481280213863256,2.0241750926303603e-05,No,154745.79150283872,154751.43954141598,1071.804152645433,0.2650090260870007,Yes,3.0301154353606097,-4.6937519234161025
8.490324688966684,0.4674054511056866,2.0884462700781405e-05,No,155062.11126481887,155062.1113466128,1105.8358503650343,0.2567526285835242,Yes,3.0436906653308133,-4.680176693445899
8.570611917072915,0.4534434105896567,2.158318384961477e-05,No,155477.27192668,155463.06252576635,1142.8332539783564,0.24757520002323255,Yes,3.0579828689256017,-4.665884489851111
8.731186373285382,0.4281544736622712,2.302393802368879e-05,No,156591.68882448212,156591.68856893995,1219.1214324237853,0.22712645821971955,Yes,3.086046966327973,-4.63782039244874
8.891760829497848,0.4112073578412136,2.4195967060308146e-05,No,157988.95731360235,158049.263028254,1281.1805691577165,0.20500121765149448,Yes,3.1076103433764435,-4.616257015400269
9.052335285710317,0.4082150163045569,2.465879522332277e-05,No,159701.78725078533,159900.36087002006,1305.687399070128,0.18125418147014727,Yes,3.1158392128432157,-4.608028145933496
9.132876188662626,0.4123393836801836,2.459702122115508e-05,No,161111.29347309185,161111.27952391034,1302.4164551537688,0.16372750863877727,Yes,3.1147498745977487,-4.609117484178964
9.21341709161494,0.4193851127671063,2.446869964074595e-05,No,163052.5768804867,163009.34912062396,1295.6218056564367,0.14192747497505578,Yes,3.1124782486902327,-4.6113891100864794
9.293957994567254,0.4287113050378745,2.4299051451034272e-05,No,165557.0832342319,165478.99324450988,1286.6389051710112,0.116990472099654,Yes,3.109456679386463,-4.614410679390249
9.374498897519569,0.4396770619650382,2.414738216407331e-05,No,168660.13151028668,168652.38141923436,1278.6079906426496,0.09005289163324244,Yes,3.1067374142235815,-4.617129944553131
9.455039800471884,0.4516414850211464,2.4034340857151292e-05,No,172427.52679712113,172430.72581926055,1272.6224342241064,0.06225112519649347,Yes,3.1046995748595467,-4.619167783917166
9.535580703424195,0.4639636756787492,2.3998029716673376e-05,No,176840.8794427632,176867.55844846246,1270.6997531629067,0.03472156441007765,Yes,3.104042945559061,-4.619824413217652
9.616121606376508,0.4760027354103959,2.403654566732912e-05,No,181787.76490264307,181748.1992429263,1272.7391792978399,0.00860060089466605,Yes,3.1047394133964983,-4.619127945380215
9.641774705111297,0.4796738420806808,2.408010051912945e-05,No,183481.77981138235,183481.7800711326,1275.0454161049925,0.0007609976691098086,Yes,3.10552565426998,-4.618341704506733
9.648187979794992,0.4805745447820425,2.4091575029757236e-05,No,183913.90697603198,183913.90697996496,1275.6529933934005,-0.0011542585069525269,Yes,3.1057325524808332,-4.618134806295879
9.65460125447869,0.4814677707404307,2.4104122614919423e-05,No,184351.69303045396,184351.7065793935,1276.3173901608275,-0.0030505093431297536,Yes,3.105958686654072,-4.61790867212264
9.661014529162387,0.4823531963776001,2.411743267931433e-05,No,184792.65872945503,184792.71626453125,1277.0221603332493,-0.004927181095543297,Yes,3.106198433697983,-4.61766892507873
9.67384107852978,0.4840993523753026,2.414591531974941e-05,No,185680.72447589255,185680.71011450177,1278.5303209863355,-0.008619492373570792,Yes,3.1067110319954434,-4.617156326781269
9.699494177264569,0.4874838230733039,2.420975518009087e-05,No,187473.21170604922,187473.2117075665,1281.9106524441918,-0.015743921193857757,Yes,3.107857756459949,-4.616009602316764
9.75080037473414,0.4937489177528146,2.436012658551248e-05,No,191061.99556304497,191061.99621792606,1289.872843924405,-0.028823485262793238,Yes,3.1105468995210774,-4.613320459255635
9.802106572203712,0.4992041567591427,2.452760495287978e-05,No,194493.25508724642,194501.04955357962,1298.7408519478258,-0.04009919384847355,Yes,3.1135225014987684,-4.610344857277944
9.853412769673284,0.5036838680308559,2.469294300131352e-05,No,197559.71749441442,197569.32175270567,1307.4955297198608,-0.04927729008561088,Yes,3.1164402127046533,-4.607427146072059
9.904718967142855,0.5070223795065221,2.4853114129251213e-05,No,200166.725686534,200168.87889634466,1315.9766181732534,-0.056064017108919006,Yes,3.1192481729492556,-4.604619185827457
9.956025164612429,0.509054019124709,2.4982348460503656e-05,No,201982.92683505293,202015.98987903915,1322.8195979829065,-0.06016561805311073,Yes,3.121500620496869,-4.602366738279843
10.007331362082002,0.5096285691662583,2.507874547311878e-05,No,203039.67096791288,203024.37737953427,1327.9238361883695,-0.0613063937227757,Yes,3.123173166544285,-4.600694192232427
10.058637559551576,0.5095604914899096,2.5111977516438417e-05,No,203282.35232435845,203266.25005397122,1329.6834785315918,-0.060380484585695164,Yes,3.123748272631047,-4.600119086145665
10.109943757021147,0.5093927836383483,2.509378836811477e-05,No,203116.54640150708,203052.16886266004,1328.7203600356995,-0.05809413305859078,Yes,3.12343358976728,-4.600433769009433
10.16124995449072,0.5091337221339592,2.5030201197347048e-05,No,202418.70513346622,202434.6342089123,1325.3534085337296,-0.054552776244392386,Yes,3.122331699337649,-4.6015356594390635
10.263862349429868,0.5083746442562372,2.4760030581635704e-05,No,199951.17812830477,199951.0420254084,1311.0478285028094,-0.044126795166434,Yes,3.1176185355313937,-4.606248823245319
10.366474744369016,0.5073494700358224,2.433273005975249e-05,No,196116.91724266234,196104.09507498602,1288.4221932280045,-0.029946038175260363,Yes,3.1100581969870253,-4.613809161789687
10.46908713930816,0.5061244116517932,2.3829631231431635e-05,No,191536.3292272957,191585.75730887085,1261.7830247416146,-0.012854002094311784,Yes,3.1009846803764822,-4.622882678400231
10.571699534247307,0.5047656812832286,2.329766527319685e-05,No,186727.03739201944,186806.00577924488,1233.6153368188693,0.006305816252971434,Yes,3.091179760070047,-4.632687598706665
10.63524516630993,0.5038862121121989,2.2968520613624233e-05,No,183825.57784274282,183845.96894895515,1216.1870711399072,0.01883859530089018,Yes,3.0850003822681993,-4.638866976508513
10.698790798372553,0.5029965969012439,2.2658545244912956e-05,No,181047.1805899863,181044.6449563875,1199.7738226708325,0.031640566986166414,Yes,3.079099382027481,-4.644767976749232
10.762336430435171,0.5021125608265621,2.237289913539988e-05,No,178425.32256684173,178448.11469426888,1184.6488126122765,0.04451140356916111,Yes,3.073589623469037,-4.650277735307676
10.88942769456041,0.5004241267908116,2.185233153681237e-05,No,173709.92671053048,173709.92564789255,1157.0846697705765,0.06965836046974823,Yes,3.0633651396507378,-4.660502219125974
11.016518958685651,0.49894603587036496,2.1437476357093814e-05,No,169865.87245853143,169908.79051986712,1135.118017479098,0.0927307853011282,Yes,3.0550410171902938,-4.668826341586419
11.130901096398363,0.4978232034769123,2.1088126640033213e-05,No,166763.6933956326,166763.78729707125,1116.6198905712872,0.11377453807204185,Yes,3.0479053597569443,-4.675961999019768
11.359665371823795,0.4958649222398766,2.0442244161724888e-05,No,161020.1648757292,161020.27789443778,1082.4203035448402,0.16035636342682344,Yes,3.034395929963169,-4.689471428813544
11.528023729689805,0.4943929658785482,2.003177690124869e-05,No,157333.3073859789,157318.70808314806,1060.6859923231914,0.19642864906156626,Yes,3.025586833491146,-4.698280525285567
11.696382087555813,0.4926366492964514,1.9687457543877372e-05,No,154113.25907892876,154065.34675970738,1042.4542238160893,0.232109402941658,Yes,3.0180569933526913,-4.705810365424021
12.033098803287835,0.4871549464029604,1.9224100505517287e-05,No,149089.3620848865,148765.33974355238,1017.9193898642261,0.29568004299070383,Yes,3.0077133871134145,-4.7161539716632985
12.282396984805294,0.46986109267259496,1.9545588130664653e-05,No,145979.57256742372,145883.72389478245,1034.9422142686758,0.3427396172021485,Yes,3.0149161017496042,-4.708951257027108
12.490054714857585,0.44726852923262495,2.020434500789032e-05,No,143624.2442618288,143549.51540503794,1069.8235029064435,0.38201263421259213,Yes,3.0293121346605645,-4.694555224116148
12.69771244490988,0.4251601207307735,2.1017102288481534e-05,No,141766.54658317356,141942.99777859633,1112.8591390824859,0.4143366186531548,Yes,3.046440196688104,-4.677427162088608
12.905370174962172,0.4109647066054944,2.166827015525008e-05,No,140566.9936849267,141454.69989861856,1147.338588326418,0.4331350162753579,Yes,3.0596916004141854,-4.664175758362528
13.006315201838794,0.4091568740417709,2.1574704200533498e-05,No,140224.24568138542,140224.31123358078,1142.3842551179628,0.4353675830304802,Yes,3.0578122088206596,-4.666055149956053
13.107260228715415,0.4143749253896444,2.1361836204080704e-05,No,140630.3697796977,140611.44190672744,1131.1128585182278,0.4187198327799424,Yes,3.0535059394846114,-4.670361419292101
13.18462380365751,0.4237930129760731,2.1040655279069065e-05,No,141630.4638739424,141645.13638233265,1114.1062739381043,0.38867222314105804,Yes,3.046926619907287,-4.676940738869425
13.250265928805092,0.4347232390496084,2.0703620331843698e-05,No,142954.0497358563,142970.93760655622,1096.2602161865802,0.3538002639127745,Yes,3.039913653637754,-4.683953705138959
13.315908053952676,0.4477639044712126,2.0347527603391552e-05,No,144684.9389655038,144726.92698510122,1077.405045679275,0.31219512694374746,Yes,3.032379005092928,-4.691488353683784
13.381550179100255,0.4623602842762885,2.0000088189494862e-05,No,146914.9519416702,146892.98164010316,1059.0080696487448,0.26562661518390673,Yes,3.0248992694470207,-4.698968089329692
13.51283442939542,0.4940012871784668,1.9498583003383904e-05,No,153049.1622362061,153009.97549111518,1032.4532847882879,0.1646786790915037,Yes,3.0138704103355596,-4.709996948441153
13.623462917369725,0.5205078870410474,1.938883238618272e-05,No,160289.88450324762,160312.57291403366,1026.6419709498803,0.08011162041680914,Yes,3.0114190150185847,-4.712448343758128
13.671294013900532,0.5312061772571203,1.9453860869576195e-05,No,164156.24397631508,164156.29280875225,1030.0852402004073,0.045979632869860836,Yes,3.012873164333273,-4.7109941944434395
13.719125110431335,0.5411358811121603,1.960859752662208e-05,No,168522.59254227875,168554.93705028517,1038.2785724962184,0.014299754919277654,Yes,3.0163138913414627,-4.7075534674352495
13.73500978533181,0.5442266189179772,1.967261778003329e-05,No,170071.10962432928,170071.11051970167,1041.668455797785,0.0044390180941974436,Yes,3.017729512889172,-4.7061378458875405
13.743419205520565,0.5458162872260424,1.971211935370399e-05,No,170910.3739221326,170910.37398602645,1043.760070838916,-0.0006326838131915924,Yes,3.01860067885206,-4.7052666799246525
13.746538833516277,0.5463974806951865,1.9727750403508574e-05,No,171228.0324460675,171228.03245418766,1044.5877375833477,-0.002486932281922982,Yes,3.018944923347476,-4.7049224354292365
13.749658461511991,0.5469739685019142,1.9743864823265776e-05,No,171548.69687273464,171548.70359250336,1045.4409988489426,-0.004326167733830433,Yes,3.019299527734868,-4.704567831041844
13.755897717503426,0.5481125889519934,1.9777331098400708e-05,No,172197.1957602774,172197.19578754052,1047.213043806604,-0.007958839706443399,Yes,3.0200350430327214,-4.703832315743991
13.762136973494858,0.5492316722240229,1.9812196918204778e-05,No,172852.84610261366,172852.96076182512,1049.0591948924189,-0.011529179969556049,Yes,3.02079999466621,-4.7030673641105025
13.768376229486293,0.5503307419657456,1.9848379827582903e-05,No,173514.9297806285,173515.16967546652,1050.9750860950855,-0.015035668761694819,Yes,3.021592420976223,-4.70227493780049
13.780854741469154,0.5524669354492454,1.9924293059937606e-05,No,174854.95254979757,174854.90741853305,1054.9947046535165,-0.0218510128871649,Yes,3.0232502797801293,-4.700617078996583
13.805811765434887,0.5564782005532752,2.0088850420607668e-05,No,177579.10025594718,177579.10161794946,1063.7080448757472,-0.03464861398164265,Yes,3.026822443843965,-4.697044914932747
13.855725813366346,0.5633495404039661,2.0438912848375835e-05,No,182904.47156470094,182904.48278034676,1082.2439099366845,-0.056571040974908275,Yes,3.03432515060593,-4.689542208170783
13.905639861297807,0.5684827161486641,2.0788595998829362e-05,No,187725.22597008434,187728.85789453352,1100.7596921993345,-0.07294800281233399,Yes,3.0416925181153536,-4.682174840661359
13.955553909229266,0.5716338354319668,2.1094388799471813e-05,No,191516.73492951485,191546.17634696164,1116.951472978128,-0.0830013816200102,Yes,3.0480343051875627,-4.67583305358915
14.005467957160725,0.5725737188663039,2.1300645007094213e-05,No,193738.5677293789,193737.09262558652,1127.87277423529,-0.08598928783887458,Yes,3.052260113331908,-4.671607245444805
14.055382005092184,0.5725737188663039,2.14184348248746e-05,No,194807.4980829761,194808.43374366392,1134.10976511103,-0.0849284584001684,Yes,3.0546550898964435,-4.669212268880269
14.105296053023649,0.5725737188663039,2.145116165473288e-05,No,195218.83493421372,195106.0961320791,1135.8426563155874,-0.08222551980866166,Yes,3.05531817448533,-4.668549184291383
14.155210100955104,0.5725737188663039,2.144490574655816e-05,No,195051.92242614442,195049.19637805285,1135.5114049142312,-0.07801388372659568,Yes,3.055191500569354,-4.668675858207358
14.205124148886568,0.5725737188663039,2.1369006640744295e-05,No,194371.54007585574,194358.8664801384,1131.4925343585394,-0.07242696181621121,Yes,3.0536516928045905,-4.670215665972123
14.255038196818028,0.5725737188663039,2.1240673199193273e-05,No,193193.02844079566,193191.6272794264,1124.6972568117276,-0.06559816573974951,Yes,3.051035635878314,-4.672831722898398
14.304952244749488,0.5725737188663039,2.1069343869719626e-05,No,191637.1517967719,191633.32488235523,1115.6253396901118,-0.05766090715945195,Yes,3.047518370028046,-4.676348988748666
14.354866292680947,0.5725737188663039,2.0860860043538364e-05,No,189741.61429178494,189737.08886084682,1104.5860856515635,-0.04874859773755908,Yes,3.0431995681626844,-4.680667790614028
14.404780340612405,0.5725737188663039,2.0624807064824152e-05,No,187590.13018465886,187590.10139701798,1092.0870402996395,-0.038994649136312606,Yes,3.0382572534011407,-4.685610105375572
14.454694388543867,0.5725737188663039,2.0368084037570402e-05,No,185255.7485114623,185255.11234416923,1078.4935123636383,-0.028532473017952937,Yes,3.0328175369646213,-4.691049821812091
14.504608436475324,0.5725737188663039,2.0097518257240065e-05,No,182797.7939463395,182794.21843097016,1064.167008298965,-0.017495481044721914,Yes,3.0270097906384983,-4.696857568138214
14.554522484406785,0.5725737188663039,1.9826991915027108e-05,No,180315.1523064275,180333.68322175395,1049.842592489311,-0.00601708487885981,Yes,3.0211241882719433,-4.702743170504769
14.604436532338244,0.5725737188663039,1.956418666343928e-05,No,177912.41482783304,177943.37413240926,1035.9270097408425,0.005769303817391422,Yes,3.0153291565834364,-4.708538202193276
14.654350580269707,0.5725737188663039,1.931217258690099e-05,No,175635.48095247665,175651.21469437392,1022.5828215457468,0.017730273381791548,Yes,3.0096984927025128,-4.7141688660742
14.704264628201168,0.5725737188663039,1.9071511567074357e-05,No,173472.40847959276,173462.31542517376,1009.8397796335533,0.02973241215209905,Yes,3.0042524744353933,-4.719614884341319
14.804092724064086,0.5725737188663039,1.863554375853408e-05,No,169497.028486078,169497.03006988,986.7552100568184,0.0533265506614706,Yes,2.994209428143766,-4.729657930632946
14.903920819927,0.5725737188663039,1.8272470525691127e-05,No,166166.70075300275,166194.74732127125,967.5304206553343,0.0754844260475791,Yes,2.9856646287969437,-4.738202729979768
15.003748915789918,0.5725721340277145,1.7983911828040374e-05,No,163485.42567399386,163569.74854922478,952.2511885597484,0.09514386495624637,Yes,2.978751523401367,-4.745115835375345
15.103577011652837,0.571417022876954,1.7738365978804725e-05,No,161044.89866416415,161010.94489717955,939.2494940999263,0.1151232895337735,Yes,2.9727809698150924,-4.75108638896162
15.208950755601856,0.5680942918409748,1.7560035301635538e-05,No,158465.35391572936,158465.38995448005,929.8068544276027,0.1389913318057559,Yes,2.9683927434270982,-4.755474615349614
15.314324499550876,0.5629530143318058,1.744457939239723e-05,No,156012.62176422143,155998.8026540539,923.6934444059295,0.16443388053062818,Yes,2.965527861379239,-4.758339497397474
15.4196982434999,0.5563410438426901,1.7398880507808916e-05,No,153768.88794744445,153762.7083553249,921.2736806981684,0.19014878172381333,Yes,2.9643886642476933,-4.759478694529019
15.630445731397936,0.5400964378975925,1.7492476684175657e-05,No,150076.05526762875,150075.9945830011,926.2296141481371,0.2371870255768139,Yes,2.966718662487625,-4.757148696289088
15.815222195793893,0.5243539698148144,1.7753200224810735e-05,No,147875.61706772525,147873.32047705833,940.0349699477664,0.2668209103761672,Yes,2.9731440099538005,-4.750723348822912
15.957093647810694,0.5125499252255837,1.8046359066597523e-05,No,146924.07704533718,146931.32067664652,955.5577804573801,0.2775940469764601,Yes,2.9802569530080967,-4.743610405768616
16.07721035807028,0.5024178925556824,1.8379501421611427e-05,No,146685.5876934272,146685.58497862774,973.1977247895668,0.2771389251651301,Yes,2.988201084935629,-4.735666273841083
16.183832637685853,0.490921131611457,1.8815530476526386e-05,No,146736.21906290573,146729.28702447447,996.285537372253,0.27209143937415475,Yes,2.998383825906712,-4.72548353287
16.290454917301435,0.4777053402706816,1.9360969558522868e-05,No,147010.8632736718,146918.27207220142,1025.1666294886106,0.2633190388169173,Yes,3.0107944608902506,-4.7130728978864616
16.397077196917017,0.4636463917156384,2.001272877956788e-05,No,147513.50371020686,147394.67962178105,1059.6773910420115,0.25119123593568315,Yes,3.0251736684578967,-4.698693690318816
16.610321756148178,0.4365025156918742,2.1510600787490472e-05,No,149148.6070017502,149151.59597938534,1138.989968499754,0.21834747297028495,Yes,3.0565198991059774,-4.667347459670736
16.823566315379335,0.4164964889984194,2.296189981938541e-05,No,151647.79615600372,151917.48990381949,1215.8364989594268,0.17651625001608262,Yes,3.0848751766029108,-4.638992182173802
17.03681087461049,0.410840173119348,2.3862222297768602e-05,No,155328.52737214818,155730.04327169814,1263.5087272446374,0.12677400136730066,Yes,3.1015782460035384,-4.622289112773174
17.12140722761403,0.41553864082739256,2.401272714499959e-05,No,158504.74614652837,158504.47005524553,1271.4779844913428,0.08945231246165564,Yes,3.1043088448131817,-4.619558513963531
17.206003580617562,0.4244024030918659,2.431058395134673e-05,No,164036.11057001833,163893.54110457774,1287.2495530230808,0.03667189524361664,Yes,3.109662749697452,-4.614204609079261
17.26259792783386,0.43219529184487454,2.4726077569410097e-05,No,169792.26998180652,169755.50714605473,1309.2500107334513,-0.005368672770775795,Yes,3.1170225861339427,-4.60684477264277
17.29133857157295,0.4366178612925941,2.503904824394884e-05,No,173663.2221589566,173663.25164177714,1325.8218611552925,-0.02834555805485345,Yes,3.12248517571699,-4.601382183059722
17.320079215312038,0.4413054059699951,2.5427449807834106e-05,No,178232.6962270069,178250.46307654426,1346.3877899912827,-0.05222010287692755,Yes,3.129170164492237,-4.594697194284476
17.37756050279022,0.4513294321986894,2.6462476642176434e-05,No,189719.8349491228,189719.8431536648,1401.1926368242712,-0.1020623501406928,Yes,3.146497846462533,-4.5773695123141795
17.429293661520582,0.4608911311416254,2.7725946699820692e-05,No,202988.59691875012,202989.39475634202,1468.0935911664444,-0.1484860172441514,Yes,3.166753742794981,-4.557113615981732
17.481026820250946,0.4707437453154212,2.93227143738862e-05,No,219201.0367085685,219269.0534680187,1552.6427109587175,-0.1954859972246116,Yes,3.1910715288057285,-4.5327958299709845
17.532759978981304,0.4806744230275861,3.1223913456761426e-05,No,238275.3138028616,238411.3690959075,1653.3115256008048,-0.2421877510722837,Yes,3.218354693318703,-4.50551266545801
17.584493137711664,0.49047031258563,3.337516593017525e-05,No,259706.6765513956,260030.78818022396,1767.2207097809876,-0.28771673977737783,Yes,3.2472907923217895,-4.4765765664549235
17.687959455172386,0.5088063204693922,3.7961129103131436e-05,No,306817.1183444028,306817.57459694904,2010.0482394027567,-0.3717582657206729,Yes,3.3032064802339383,-4.420660878542774
17.781079140887037,0.5227124238986199,4.201544850192454e-05,No,348922.05007493554,348867.4412572239,2224.7251408031493,-0.43461140693581096,Yes,3.347276362640047,-4.376590996136666
17.874198826601692,0.5328715441868832,4.543893871660034e-05,No,384048.9983214451,384626.6054054223,2405.999529663569,-0.4800639584087443,Yes,3.381295538105847,-4.342571820670865
17.96731851231634,0.5380423302635778,4.773937518127354e-05,No,407841.38510585367,408020.3171249882,2527.8080315422144,-0.5030156086343784,Yes,3.402744089385847,-4.321123269390865
18.06043819803099,0.538430406458109,4.8550723145239566e-05,No,414576.1445340348,415254.0664076421,2570.769044163369,-0.4997975094002252,Yes,3.4100630617261585,-4.313804297050554
18.15355788374564,0.5383577038963027,4.761298335575553e-05,No,408056.0479219411,407178.5957091232,2521.1155628944252,-0.4746514599738978,Yes,3.4015927533230457,-4.322274605453667
18.24667756946029,0.5382236501499735,4.536103478382982e-05,No,388222.1179383745,387823.69869106,2401.874503179702,-0.4323957811265317,Yes,3.3805503119759654,-4.343317046800747
18.339797255174943,0.5380300957952929,4.21692953453563e-05,No,360681.68630327133,360405.597082721,2232.8713573168247,-0.377629345915497,Yes,3.348863702732523,-4.37500365604419
18.432916940889594,0.5377788914084322,3.8225148288384346e-05,No,327209.46402928716,326543.87636267376,2024.02810014516,-0.3149510273981706,Yes,3.3062165376407204,-4.417650821135992
18.526036626604245,0.5374718875655624,3.423881549591741e-05,No,292308.6208972853,292323.0751128875,1812.9511011074605,-0.2489596986319229,Yes,3.258386090468595,-4.4654812683081175
18.619156312318896,0.5371109348428551,3.040954446396203e-05,No,259358.08003389422,259455.2853128397,1610.1905489893481,-0.18425423267412397,Yes,3.2068772732230677,-4.516990085553645
18.71227599803355,0.5366978838164814,2.7184628903637405e-05,No,231676.4366107069,231761.82669270423,1439.4307218345139,-0.1254335025821513,Yes,3.158190767617015,-4.565676591159697
18.75853784560988,0.5364738823558075,2.5889609242913848e-05,No,220581.33430555425,220629.0488695206,1370.8592106458593,-0.09982242511970707,Yes,3.1369928543669743,-4.586874504409738
18.8047996931862,0.5362377061568607,2.478098054577069e-05,No,211166.30913217,211088.43928133327,1312.1571326652506,-0.07736270019278862,Yes,3.117985845529926,-4.6058815132467865
18.832734365481762,0.5360892939381131,2.4289992503802465e-05,No,206848.64406124692,206848.8584327804,1286.1592323750654,-0.06556363250971857,Yes,3.109294739553118,-4.614572619223594
18.86066903777732,0.5359365752534223,2.383736082413273e-05,No,202929.63546251165,202936.50685647826,1262.1923079891678,-0.055243372642518274,Yes,3.1011255291836797,-4.622741829593033
18.88860371007288,0.5357796000617268,2.3462490038752923e-05,No,199645.28617823345,199686.58437166183,1242.3428361752735,-0.04652607371755252,Yes,3.0942414600218613,-4.629625898754851
18.91653838236844,0.5356184183219654,2.315209479415412e-05,No,196975.5428775184,196985.5675815029,1225.9073552065754,-0.03953588886119086,Yes,3.088457650734716,-4.635409708041997
18.972407726959556,0.5352836350340001,2.275853164195083e-05,No,193528.73770675238,193515.97302346872,1205.068119391675,-0.03123347385974484,Yes,3.081011597151343,-4.642855761625369
19.028277071550672,0.5348663098543377,2.264128421509809e-05,No,192392.32007383113,192368.92291302487,1198.8598482077605,-0.030453644894846275,Yes,3.0787684152025405,-4.6450989435741725
19.05732573660204,0.5344748909826345,2.2649811057972136e-05,No,192300.61574532054,192300.54027027238,1199.3113459875042,-0.031322025991260806,Yes,3.078931942307799,-4.644935416468913
19.086374401653412,0.5339484210771802,2.2682514667492435e-05,No,192390.44373187254,192388.50527755028,1201.0430076712178,-0.03275064077006433,Yes,3.079558559159666,-4.644308799617046
19.11542306670479,0.5332924984341809,2.2742452177262257e-05,No,192663.32377748092,192659.92122010406,1204.2167090029068,-0.03471538922392956,Yes,3.0807046489277776,-4.643162709848935
19.173520396807536,0.5316146881203714,2.29384167925062e-05,No,193710.33599911482,193708.65462208685,1214.5930686940574,-0.04015688712753608,Yes,3.0844307984097026,-4.63943656036701
19.231617726910287,0.5294862464108541,2.322901579178401e-05,No,195365.10927134976,195377.30123859388,1229.9803351076478,-0.047453719643462164,Yes,3.0898981680064654,-4.633969190770247
19.289715057013034,0.5269519596752773,2.362759359551499e-05,No,197798.3419355983,197778.52316605631,1251.0850975734295,-0.05641308671308965,Yes,3.097286850980096,-4.626580507796616
19.40590971721852,0.5208449966045381,2.470123697585979e-05,No,204369.22233070227,204369.37285819915,1307.9346970820616,-0.07854822427897529,Yes,3.1165860609569784,-4.607281297819735
19.52210437742401,0.5136520898653393,2.616640821795578e-05,No,213504.19334984606,213501.92022818114,1385.5157634301556,-0.105019899356248,Yes,3.1416114712454886,-4.5822558875312245
19.638299037629498,0.5057315304148666,2.800579782548667e-05,No,224784.06882842781,224986.56952612926,1482.9117558451492,-0.13428571147596255,Yes,3.171115308081809,-4.552752050694903
19.754493697834988,0.4974416092103057,3.0176141434873277e-05,No,238386.85255753863,238448.4093753855,1597.8318189205838,-0.16480326016917352,Yes,3.203531065366856,-4.520336293409857
19.870688358040482,0.4891406172088422,3.261107517920965e-05,No,252673.93686575603,253388.82541179922,1726.7619746219311,-0.1950301449669356,Yes,3.237232476402056,-4.4866348823746565
19.98688301824597,0.4811868453676619,3.5077406240381364e-05,No,268454.68171920144,268120.3836158976,1857.354623587254,-0.22342396540030346,Yes,3.268894831237649,-4.454972527539064
20.103077678451463,0.4725260009779954,3.7848450597346024e-05,No,283010.53784859035,284094.24081140396,2004.081893366073,-0.25060350403614584,Yes,3.301915464256242,-4.421951894520471
20.219272338656953,0.4616851876589087,4.075195454715151e-05,No,301480.6414541472,298870.46407937084,2157.822921103945,-0.27917686115454937,Yes,3.33401580200451,-4.389851556772203
20.335466998862444,0.4495433617787937,4.481823256589436e-05,No,317127.2789487053,320047.8605434656,2373.133033463642,-0.3090728408295868,Yes,3.375322084647907,-4.3485452741288055
20.451661659067934,0.43700351117498265,4.841825651892563e-05,No,342062.3705455527,336110.9697342869,2563.75491378072,-0.3401883071169544,Yes,3.4088765057609405,-4.314990853015773
20.56785631927342,0.4249686236848079,5.348987125587308e-05,No,361090.0287272032,361091.30635494157,2832.297776276592,-0.37242012407234737,Yes,3.4521389113748295,-4.271728447401883
20.66048135577094,0.4163397518305344,5.727699126879768e-05,No,378812.08812882,378805.8603103175,3032.8264247713532,-0.3988446106167906,Yes,3.481847555407559,-4.242019803369153
20.753106392268453,0.4090629817775049,6.113225343478909e-05,No,397276.0461928153,397236.54700366897,3236.963211855166,-0.4258607049580887,Yes,3.510137763666061,-4.213729595110651
20.93835646526349,0.4003953993400419,6.871254736514582e-05,No,436736.98394367367,437032.50699078274,3638.3410641175233,-0.481458740889733,Yes,3.560903408119819,-4.162963950656893
21.087923077685144,0.40240601069663706,7.401459087825473e-05,No,473118.2722447564,473119.0285897277,3919.0851694840376,-0.5305986045540348,Yes,3.5931847016600424,-4.13068265711667
21.2374896901068,0.4170915083557523,7.83006858835003e-05,No,519331.94095742493,518782.75108738523,4146.034628647942,-0.5930908990022791,Yes,3.6176329251017667,-4.106234433674946
21.37209964128629,0.4377856382737524,8.141976731906534e-05,No,566199.1668702328,566213.1881742378,4311.190520904955,-0.6556063664997807,Yes,3.6345972156976374,-4.089270143079075
21.506709592465782,0.4618667397453993,8.374119548698387e-05,No,614789.8762800747,614390.4532238812,4434.110537039028,-0.7180487714287324,Yes,3.6468065153521567,-4.077060843424555
21.641319543645267,0.4857701622875515,8.559073859608917e-05,No,660236.4856805332,660459.5479964287,4532.044159088482,-0.7746176086955392,Yes,3.6562941328672247,-4.067573225909488
21.775929494824762,0.5059312554170703,8.69682648952885e-05,No,698554.3514307039,698941.6632412269,4604.984410810557,-0.8195123732066122,Yes,3.663228164324309,-4.060639194452404
21.910539446004247,0.518785368650814,8.797741886815045e-05,No,725160.6173874901,725015.9298653969,4658.419285229773,-0.8469325598683568,Yes,3.6682385750244784,-4.055628783752234
22.04514939718373,0.5214926592418729,8.865377200413557e-05,No,734407.4681230851,734402.3053738669,4694.232298760218,-0.8511584270523624,Yes,3.6715645772892995,-4.052302781487413
22.179759348363227,0.5207143914927952,8.751725501056935e-05,No,724105.1420756531,723905.5093217636,4634.053530742998,-0.8297029261676429,Yes,3.665961046280029,-4.057906312496684
22.31436929954271,0.5185704454195537,8.422110702374094e-05,No,693537.8960773296,693772.8827788455,4459.521934495276,-0.7841750080845121,Yes,3.6492883043760656,-4.074579054400647
22.448979250722207,0.5145606330340312,7.9062758373414e-05,No,645999.877446351,646244.9057356071,4186.386496541194,-0.7164301214702641,Yes,3.621839320889094,-4.102028037887618
22.58358920190169,0.5081847663481108,7.230619108327134e-05,No,583655.4936720297,583694.6870744964,3828.625109911701,-0.6283237149921987,Yes,3.583042843321433,-4.14082451545528
22.718199153081194,0.49894265737367494,6.413053062629315e-05,No,508498.061233708,508281.242184302,3395.7224988524285,-0.5217112373176076,Yes,3.5309321921309964,-4.192935166645716
22.987419055440174,0.4698589606067885,4.436110027526722e-05,No,331457.10056839,331099.4325301813,2348.927800962446,-0.26038986304804346,Yes,3.370869668065178,-4.352997690711534
23.005224571606785,0.4681037411043225,4.339608526090924e-05,No,322686.8479273941,322686.858732093,2297.8300918996383,-0.2467967775,Yes,3.3613179125687687,-4.362549446207944
0.0,0.5,4.500591287881597e-05,Yes,357460.6106907743,357460.61069077416,2383.0707379384944,-0.299324683,Yes,3.377136933928659,-4.346730424848054
0.023,0.5,4.498525226596e-05,Yes,357296.39458023064,357296.51324632,2381.9767549754665,-0.29940168709029064,Yes,3.376937519012777,-4.346929839763935
0.046,0.5,4.504811601221653e-05,Yes,357797.4140215739,357795.81015398796,2385.305401026587,-0.29963059669847586,Yes,3.3775439915477885,-4.346323367228924
0.092,0.5,4.516824237028935e-05,Yes,358758.8329020413,358749.9168162035,2391.6661121080233,-0.30053151649240994,Yes,3.378700549985969,-4.345166808790744
0.184,0.5,4.5358927126926584e-05,Yes,360264.4570958822,360264.4353582561,2401.7629023883733,-0.3040174465576905,Yes,3.380530132431272,-4.34333722634544
0.368,0.5,4.64014236557935e-05,Yes,368545.67312281,368544.49062244303,2456.963270816287,-0.3170191739351687,Yes,3.390398664253366,-4.333468694523346
0.5519999999999999,0.5,4.8064729316988406e-05,Yes,381611.4002494543,381755.3382507779,2545.03558833852,-0.3367150201890442,Yes,3.4056938596436916,-4.318173499133021
0.736,0.5,5.022387383589768e-05,Yes,398819.49419360666,398904.39865040005,2659.3626576693337,-0.3614901403759267,Yes,3.424777566171341,-4.299089792605371
1.104,0.5,5.6192632661143777e-05,Yes,446311.63418915047,446311.4178232673,2975.4094521551146,-0.42814298826479497,Yes,3.4735467383253176,-4.250320620451395
1.2858945403090214,0.5,6.304673120844371e-05,Yes,500684.2520028277,500750.27031470975,3338.3351354313995,-0.5041482218710133,Yes,3.523529933350582,-4.20033742542613
1.4677890806180431,0.5,7.226958820073127e-05,Yes,573528.6395829553,574003.0471588072,3826.6869810587145,-0.6010438544433743,Yes,3.582822938848813,-4.1410444199278995
1.6496836209270642,0.5,8.174109664658784e-05,Yes,645930.9304128843,649230.7445134885,4328.204963423255,-0.6964864986862932,Yes,3.636307818728833,-4.08755954004788
1.7728834437049217,0.5,8.70864537718005e-05,Yes,691691.7368048561,691686.3797870965,4611.242531913978,-0.7489791782473452,Yes,3.6638179648786817,-4.060049393898031
1.8960832664827791,0.5,9.087150886150796e-05,Yes,721274.896732306,721749.2763560028,4811.661842373352,-0.7836125807220655,Yes,3.6822950980627125,-4.041572260714
2.0192830892606364,0.5,9.229460913967156e-05,Yes,732513.2641560913,733052.2866043744,4887.01524402916,-0.7932795729662689,Yes,3.6890436937217306,-4.034823665054982
2.142482912038494,0.5,9.016839966272858e-05,Yes,716072.7659811892,716164.8136154131,4774.43209076942,-0.7665678176384011,Yes,3.6789217205243427,-4.044945638252369
2.2656827348163517,0.5,8.462001124251797e-05,Yes,672434.1413872334,672096.5971039855,4480.643980693238,-0.7076554594845512,Yes,3.6513404374718608,-4.072526921304852
2.408095092434782,0.5,7.581727012169543e-05,Yes,602240.7273758717,602180.6012819539,4014.537341879693,-0.6139770416206061,Yes,3.6036355019319193,-4.120231856844793
2.550507450053213,0.5,6.581297784724567e-05,Yes,522483.7467984176,522721.2547826837,3484.808365217891,-0.5092379626315073,Yes,3.5421789005927864,-4.181688458183926
2.692919807671644,0.5,5.668798715604506e-05,Yes,448860.0425618571,450245.7835305603,3001.6385568704018,-0.4105774033225222,Yes,3.477358395366517,-4.246508963410196
2.773902657267392,0.5,5.2519956854170425e-05,Yes,416655.54567824095,417141.0965731482,2780.940643820989,-0.3637301807970249,Yes,3.4441917194157194,-4.279675639360993
2.85488550686314,0.5,4.9092859562695114e-05,Yes,389693.4693875631,389921.2889446247,2599.475259630831,-0.32754227547558706,Yes,3.4148856884143606,-4.3089816703623525
2.9358683564588883,0.5,4.722636243654079e-05,Yes,373733.0902318328,375096.58792446734,2500.643919496449,-0.3051652518247301,Yes,3.3980518545423477,-4.325815504234365
2.9955398586999764,0.5,4.653248018144056e-05,Yes,369581.53470801946,369585.41041933617,2463.902736128909,-0.2993541062748636,Yes,3.3916235598250832,-4.332243798951629
3.0492442107169553,0.5,4.643394899764069e-05,Yes,368807.5670819624,368802.82397946046,2458.6854931964035,-0.299324683,Yes,3.390702978797714,-4.3331643799789985
3.1029485627339337,0.5,4.636083679173382e-05,Yes,368225.88824632,368222.1284196839,2454.81418946456,-0.299324683,Yes,3.3900186249542235,-4.33384873382249
3.2103572667678915,0.5,4.625172567415949e-05,Yes,367355.5098650652,367355.5105860164,2449.0367372401097,-0.299324683,Yes,3.38899529989033,-4.334872058886383
3.4251746748358065,0.5,4.6100823629198496e-05,Yes,366156.96702834533,366156.9672459115,2441.046448306077,-0.299324683,Yes,3.3875760432644246,-4.336291315512288
3.854809490971636,0.5,4.591524022793344e-05,Yes,364682.96634898713,364682.96634898713,2431.2197756599144,-0.299324683,Yes,3.3858242196586943,-4.338043139118018
4.0978560088258735,0.5,4.594806091342394e-05,Yes,364943.5989903953,364943.6454804229,2432.957636536153,-0.30070606343860834,Yes,3.386134546917354,-4.337732811859359
4.2701453443641135,0.5,4.660354409126522e-05,Yes,370147.914881409,370149.8373352481,2467.6655822349885,-0.30925491785777176,Yes,3.3922863038090485,-4.331581054967664
4.442434679902352,0.5,4.783976478437348e-05,Yes,380085.9421265249,379968.5517138883,2533.123678092589,-0.3243577549480009,Yes,3.4036563944497975,-4.3202109643269155
4.614724015440591,0.5,4.953773952054669e-05,Yes,393607.92924708594,393454.75935429975,2623.031729028665,-0.34455649340517536,Yes,3.4188035439867406,-4.305063814789972
4.959302686517068,0.5,5.391477988940284e-05,Yes,428329.0838483443,428219.51409846905,2854.796760656461,-0.3944093492038789,Yes,3.4555751952903617,-4.26829216348635
5.162229995216423,0.5,5.8183108096641225e-05,Yes,462150.9645441011,462120.81972682936,3080.805464845529,-0.4417207757341188,Yes,3.4886642759828104,-4.235203082793902
5.365157303915779,0.5,6.538910917859751e-05,Yes,522298.8210586389,519354.66707329475,3462.364447155298,-0.5238239714846996,Yes,3.5393727796162353,-4.184494579160477
5.547791881745198,0.5,7.389254296538491e-05,Yes,587766.9664171027,586893.4067624151,3912.622711749434,-0.6074262771612551,Yes,3.592467971564069,-4.131399387212643
5.730426459574617,0.5,8.143723603039671e-05,Yes,646643.6258118274,646817.3238209445,4312.115492139631,-0.6809975050483721,Yes,3.634690384119139,-4.0891769746575735
5.836801196873018,0.5,8.465926548160056e-05,Yes,672398.4521036687,672408.3748988821,4482.7224993258815,-0.7118700578746059,Yes,3.651541854917166,-4.072325503859546
5.943175934171416,0.5,8.664645407674483e-05,Yes,688232.1366051191,688191.6709891246,4587.944473260832,-0.7293852801738003,Yes,3.6616181531040453,-4.062249205672667
6.049550671469816,0.5,8.694843514780513e-05,Yes,690590.384034201,690590.1633465384,4603.934422310255,-0.7293094916845478,Yes,3.663129128982163,-4.06073822979455
6.1559254087682165,0.5,8.492061281275718e-05,Yes,674482.9299742541,674484.1327409507,4496.56088493967,-0.7068597903567642,Yes,3.652880478281962,-4.07098688049475
6.262300146066616,0.5,8.105421064600193e-05,Yes,643733.517116588,643775.1349382417,4291.834232921611,-0.6651072232220202,Yes,3.6326429395013444,-4.091224419275368
6.368674883365014,0.5,7.569153096095349e-05,Yes,601134.479965944,601181.9147914124,4007.8794319427498,-0.6082459307121592,Yes,3.602914648280959,-4.120952710495754
6.475049620663414,0.5,6.927078513453454e-05,Yes,550125.5674478036,550184.9773360614,3667.899848907077,-0.5404700532590249,Yes,3.564417468857084,-4.159449889919628
6.581424357961813,0.5,6.232605723557289e-05,Yes,494758.1375325011,495026.2989079971,3300.175326053314,-0.4659737312944594,Yes,3.518537012942994,-4.205330345833719
6.687799095260214,0.5,5.5189295276013536e-05,Yes,438389.77619442943,438342.38505676686,2922.282567045113,-0.3889511052503068,Yes,3.4657222072776954,-4.258145151499017
6.794173832558613,0.5,4.850423839371734e-05,Yes,384840.2887140586,385246.1503001789,2568.30766866786,-0.3135963155584101,Yes,3.409647048524931,-4.314220310251782
6.900548569857013,0.5,4.254790154841886e-05,Yes,337434.991066783,337937.7930198062,2252.918620132041,-0.2441035026506133,Yes,3.352745504433147,-4.371121854343566
7.006923307155413,0.5,3.776471403699731e-05,Yes,298846.66960003786,299947.2042390591,1999.6480282603927,-0.18461748686586665,Yes,3.3009535592457704,-4.422913799530942
7.1132980444538125,0.5,3.314292954335675e-05,Yes,265186.84137088165,263238.56304281444,1754.9237536187622,-0.1260835932014682,Yes,3.2442582523676737,-4.479609106409039
7.219672781752213,0.5,2.91124510611492e-05,Yes,232288.535933657,231226.38492067961,1541.5092328045307,-0.061666593961561676,Yes,3.187946130258798,-4.535921228517914
7.298151347091075,0.5,2.6541272657528783e-05,Yes,211648.40715146766,210804.73488487504,1405.3648992325006,-0.012241247657510002,Yes,3.1477891022821707,-4.576078256494542
7.368782055896051,0.5,2.4837915061997932e-05,Yes,196902.68754841332,197275.77374675262,1315.1718249783507,0.032431036118180295,Yes,3.118982496373364,-4.604884862403348
7.432349693820528,0.5,2.3730360982000586e-05,Yes,186776.72234212433,188478.99722374463,1256.526648158298,0.07198659656872161,Yes,3.099171703454166,-4.6246956553225465
7.489560567952559,0.5,2.290085594729981e-05,Yes,179626.93324171228,181890.63233325534,1212.6042155550356,0.10647514686834712,Yes,3.083719073703589,-4.640148285073124
7.546771442084592,0.5,2.2264776303217085e-05,Yes,173966.332457751,176838.55354009735,1178.9236902673156,0.13939506625012896,Yes,3.071485694858979,-4.652381663917733
7.603982316216621,0.5,2.177440084342881e-05,Yes,169332.31193437404,172943.73394615485,1152.9582263076989,0.17024909726029655,Yes,3.0618135723313764,-4.662053786445336
7.680290309483758,0.5,2.0748421282453006e-05,Yes,164592.29864883047,164794.86512062568,1098.6324341375043,0.20732683982051375,Yes,3.040852416239151,-4.683014942537562
7.748967503424183,0.5,2.025723646121963e-05,Yes,161317.06743973767,160893.61715276664,1072.6241143517777,0.2358228747764708,Yes,3.030447556390045,-4.693419802386668
7.8107769779705665,0.5,2.0021342934130986e-05,Yes,159020.02121469387,159020.0267985801,1060.133511990534,0.25678325289615433,Yes,3.025360563254784,-4.698506795521928
7.872586452516947,0.5,1.980216520561267e-05,Yes,157276.48466188484,157279.20210079136,1048.5280140052755,0.2726539252092003,Yes,3.0205800382018193,-4.703287320574893
7.934395927063331,0.5,1.964725938433475e-05,Yes,156045.5456976217,156048.85866519302,1040.3257244346198,0.2828078293937374,Yes,3.0171693375456616,-4.706698021231051
8.058014876156095,0.5,1.950563973463368e-05,Yes,154924.04212980502,154924.0409861412,1032.826939907608,0.2861344114406553,Yes,3.014027557396075,-4.709839801380637
8.181633825248861,0.5,1.9454795227971093e-05,Yes,154510.07423180912,154520.20719543868,1030.134714636258,0.2819823941011489,Yes,3.012894022760975,-4.710973336015737
8.292890879432347,0.5,1.9456157656246407e-05,Yes,154530.66303293256,154531.0283167573,1030.2068554450486,0.2750574558041646,Yes,3.012924435538784,-4.710942923237928
8.404147933615835,0.5,1.9489803144365093e-05,Yes,154800.17468543962,154798.2584640999,1031.988389760666,0.2655738685487392,Yes,3.013674811350069,-4.710192547426644
8.515404987799323,0.5,1.9544176125760655e-05,Yes,155235.0989688969,155230.1172553452,1034.867448368968,0.2539768216438088,Yes,3.014884726480392,-4.708982632296321
8.7379190961663,0.5,1.973018015636888e-05,Yes,156707.47154707112,156707.45901155376,1044.7163934103585,0.22622310612117724,Yes,3.018998409591989,-4.704868949184723
8.938181793696577,0.5,1.9955469756795808e-05,Yes,158500.02232350668,158496.82740782946,1056.6455160521966,0.1984828692967483,Yes,3.023929314418828,-4.699938044357884
9.138444491226858,0.5,2.0288277119897006e-05,Yes,161284.11376204464,161140.1583758485,1074.2677225056564,0.1623448118205549,Yes,3.0311125270968517,-4.692754831679861
9.215147733121402,0.5,2.054722019907094e-05,Yes,163196.91388293114,163196.820385236,1087.97880256824,0.1414205463955633,Yes,3.0366204339491794,-4.687246924827534
9.291850975015944,0.5,2.0843547568125547e-05,Yes,165581.79485399008,165550.40807030007,1103.669387135334,0.11767328089265795,Yes,3.042838996539571,-4.681028362237142
9.368554216910493,0.5,2.1208673568870497e-05,Yes,168512.9309711075,168450.43064192988,1123.0028709461994,0.09208458174882714,Yes,3.0503808665326053,-4.673486492244107
9.52196070069958,0.5,2.2167195142375877e-05,Yes,176121.57764158887,176063.51268179648,1173.7567512119765,0.039309148286346574,Yes,3.0695781032555733,-4.654289255521139
9.592105002506207,0.5,2.2709985567178093e-05,Yes,180374.63133554577,180374.63947194398,1202.4975964796265,0.016174803444264696,Yes,3.0800842169904192,-4.643783141786293
9.626305008347789,0.5,2.2988394743504584e-05,Yes,182585.91083360632,182585.9114543511,1217.2394096956739,0.0054555974429218715,Yes,3.085376004757683,-4.638491354019029
9.643865273985119,0.5,2.3134822583149825e-05,Yes,183748.9179046081,183748.91830464333,1224.9927886976222,0.00013461883026605337,Yes,3.088133532098063,-4.635733826678649
9.644962790587453,0.5,2.3144079710963406e-05,Yes,183822.44327829347,183822.44327835942,1225.4829551890627,-0.00019342976285510735,Yes,3.0883072751810676,-4.635560083595645
9.647157823792119,0.5,2.3162759346936085e-05,Yes,183970.80676331712,183970.8067634032,1226.4720450893547,-0.0008478796429667035,Yes,3.0886576538046997,-4.635209704972013
9.649352856996783,0.5,2.3181539789910426e-05,Yes,184119.97137949156,184119.97091062815,1227.4664727375211,-0.0015001139449710432,Yes,3.089009638551468,-4.634857720225245
9.653742923406117,0.5,2.3219321834925835e-05,Yes,184420.05576604576,184420.0557666052,1229.4670384440344,-0.0027978437989832905,Yes,3.0897168899565908,-4.634150468820121
9.66252305622478,0.5,2.3295432961233522e-05,Yes,185024.5703241675,185024.57032813766,1233.497135520918,-0.005365704397300442,Yes,3.0911381452899596,-4.632729213486753
9.671303189043448,0.5,2.337204866950833e-05,Yes,185633.02493657282,185633.09254481093,1237.5539502987394,-0.00789553930701406,Yes,3.092564140782429,-4.631303217994284
9.688863454680778,0.5,2.352633243346594e-05,Yes,186858.49526402255,186858.49527428023,1245.723301828535,-0.012835243057456952,Yes,3.0954215882028833,-4.628445770573829
9.706423720318108,0.5,2.368155161891073e-05,Yes,188090.6087659012,188091.3276127648,1253.9421840850985,-0.017605177043967885,Yes,3.0982775128011917,-4.6255898459755205
9.723983985955435,0.5,2.3836931103284436e-05,Yes,189323.80485860416,189325.43312957973,1262.169554197198,-0.02219356326020419,Yes,3.101117700000041,-4.622749658776671
9.759104517230096,0.5,2.4145223366192018e-05,Yes,191774.99119322575,191774.05228917595,1278.4936819278396,-0.030778580356476376,Yes,3.106698586167082,-4.617168772609631
9.829345579779414,0.5,2.471848818533114e-05,Yes,196327.18369833427,196327.22273344125,1308.848151556275,-0.045251809026599234,Yes,3.1168892639942043,-4.606978094782508
9.89958664232873,0.5,2.518770337413238e-05,Yes,200045.2124540059,200053.97633548247,1333.693175569883,-0.0555011366618324,Yes,3.1250559289182496,-4.598811429858463
9.969827704878046,0.5,2.5500298479787385e-05,Yes,202519.26007071137,202536.7709333225,1350.2451395554835,-0.06077277085618338,Yes,3.130412622636784,-4.593454736139928
10.040068767427364,0.5,2.56094331443182e-05,Yes,203385.4690371852,203403.57578929237,1356.023838595283,-0.06087820382677971,Yes,3.1322673243978483,-4.591600034378864
10.110309829976682,0.5,2.5588935007774452e-05,Yes,203241.51685365508,203240.76881709124,1354.9384587806082,-0.05807318520264192,Yes,3.1319195700303863,-4.591947788746326
10.180550892526,0.5,2.545649467336014e-05,Yes,202200.45342399,202188.85808377704,1347.9257205585134,-0.05291730189150681,Yes,3.1296659604186003,-4.594201398358112
10.250791955075316,0.5,2.5235565926987454e-05,Yes,200439.01945638817,200434.12588202898,1336.2275058801931,-0.045681109910579214,Yes,3.1258804073436197,-4.597986951433093
10.321033017624634,0.5,2.4932567778588157e-05,Yes,198033.7365284359,198027.5553619148,1320.1837024127651,-0.036635165277063404,Yes,3.1206343671097847,-4.6032329916669275
10.391274080173948,0.5,2.4572170418852442e-05,Yes,195160.06269157925,195165.0901420812,1301.1006009472078,-0.02605002400816452,Yes,3.114310877458691,-4.609556481318021
10.461515142723266,0.5,2.417036740357616e-05,Yes,191969.72519103755,191973.75944727237,1279.825062981816,-0.014196242121086652,Yes,3.1071506107620643,-4.616716748014649
10.531756205272584,0.5,2.3753643353481784e-05,Yes,188641.6933157109,188663.91805293452,1257.7594536862305,-0.0013443756330350498,Yes,3.0995975902938175,-4.624269768482895
10.56966154502168,0.5,2.3529687515095125e-05,Yes,186885.14312300505,186885.14309567466,1245.9009539711642,0.0059105749234580965,Yes,3.0954835183636558,-4.628383840413057
10.607566884770778,0.5,2.331097372023201e-05,Yes,185148.72249951985,185148.0032027726,1234.3200213518173,0.013334875900021559,Yes,3.0914277735453153,-4.632439585231397
10.645472224519878,0.5,2.309635080882341e-05,Yes,183442.43519865733,183443.3552560256,1222.955701706837,0.020886008089260617,Yes,3.087410726167352,-4.63645663260936
10.721282904018068,0.5,2.2683720617552795e-05,Yes,180166.02944838264,180166.02943978878,1201.1068629319252,0.03619868927618674,Yes,3.0795816484662177,-4.644285710310495
10.797093583516263,0.5,2.2301502328840608e-05,Yes,177125.04939302,177130.2509351259,1180.868339567506,0.05150846482507917,Yes,3.072201478827066,-4.651665879949646
10.948714942512654,0.5,2.1638546523562888e-05,Yes,171864.7302486338,171864.70754633454,1145.7647169755635,0.08075868437213092,Yes,3.059095444324181,-4.6647719144525315
11.083293320125295,0.5,2.11630315736345e-05,Yes,168085.95288249393,168087.91793089712,1120.586119539314,0.10478142792547664,Yes,3.0494452386519697,-4.674422120124743
11.217871697737932,0.5,2.070847459172911e-05,Yes,164540.96319127124,164477.58751091053,1096.517250072737,0.13092570210267016,Yes,3.04001546825474,-4.683851890521972
11.352450075350573,0.5,2.0291893886993626e-05,Yes,161239.42948013745,161168.88464074096,1074.459230938273,0.15882762801502714,Yes,3.03118994135892,-4.6926774174177925
11.62160683057585,0.5,1.9571931386586094e-05,Yes,155542.06233658706,155450.56412221034,1036.3370941480694,0.2164195583418657,Yes,3.01550104335903,-4.708366315417683
11.890763585801132,0.5,1.901978454211716e-05,Yes,151065.21157000482,151065.12373027136,1007.1008248684757,0.2705874654992585,Yes,3.0030729516778134,-4.720794407098899
12.159920341026409,0.5,1.8586149972628688e-05,Yes,147563.44039514946,147620.9701044276,984.1398006961839,0.3189801503564096,Yes,2.993056795949983,-4.73081056282673
12.429077096251689,0.5,1.8166333917562385e-05,Yes,144305.68932130712,144286.57038175408,961.9104692116937,0.3709068829017848,Yes,2.983134651521399,-4.740732707255313
12.698233851476967,0.5,1.7876266630390065e-05,Yes,141797.59407852177,141982.70355667215,946.551357044481,0.4144035096145241,Yes,2.976144182458228,-4.747723176318484
12.940474931179716,0.5,1.768053101555067e-05,Yes,140429.0708285927,140428.06844455207,936.1871229636804,0.4345065191316293,Yes,2.9713626632128314,-4.752504695563881
13.038832246848266,0.5,1.765932654650769e-05,Yes,140259.65955403494,140259.6514084642,935.0643427230948,0.433131914093258,Yes,2.9708414961432683,-4.753025862633444
13.100336384229069,0.5,1.7696490971960395e-05,Yes,140558.04620079554,140554.8308053152,937.032205368768,0.4207348172445995,Yes,2.971754517647206,-4.752112841129506
13.161840521609873,0.5,1.7776459033367246e-05,Yes,141208.7547290065,141189.97917222464,941.266527814831,0.3988779565911895,Yes,2.973712615105978,-4.750154743670734
13.223344658990676,0.5,1.790854899857737e-05,Yes,142286.73843383393,142239.10708920026,948.2607139280012,0.3690170929020316,Yes,2.976927758280733,-4.746939600495979
13.346352933752284,0.5,1.8346257463379182e-05,Yes,145711.57516418357,145715.61773245444,971.4374515496963,0.2911063994924885,Yes,2.9874148426904843,-4.736452516086228
13.469361208513886,0.5,1.9018293150364968e-05,Yes,150835.99025874538,151053.2783132491,1007.0218554216606,0.19864882316799568,Yes,3.0030388961603975,-4.720828462616315
13.57488540153328,0.5,1.975170455838373e-05,Yes,156803.14505903097,156878.41712342904,1045.8561141561934,0.11658158669235767,Yes,3.0194719396686285,-4.704395419108084
13.669857175250735,0.5,2.064157496573923e-05,Yes,163958.62217871886,163946.2355255454,1092.974903503636,0.04697265333316919,Yes,3.0386101899506017,-4.68525716882611
13.729188012181018,0.5,2.132981078161783e-05,Yes,169412.56248540306,169412.5660431745,1129.417106954497,0.008011255367852244,Yes,3.0528543615836776,-4.671012997193035
13.765359145162511,0.5,2.1796091353483222e-05,Yes,173114.7647071587,173116.01137536994,1154.1067425024662,-0.013348123084030605,Yes,3.0622459782616063,-4.661621380515106
13.801530278144007,0.5,2.2290834593774087e-05,Yes,177035.46084833902,177045.52217733278,1180.3034811822188,-0.03253512401421593,Yes,3.0719936880324186,-4.651873670744294
13.837701411125504,0.5,2.27905415676636e-05,Yes,180948.37826009246,181014.4575599781,1206.763050399854,-0.049253630414280485,Yes,3.0816220041437203,-4.642245354632992
13.873872544107002,0.5,2.326168725531493e-05,Yes,184674.9302432571,184756.54419836387,1231.7102946557588,-0.06320752527580059,Yes,3.090508571279938,-4.633358787496775
13.910043677088494,0.5,2.368286424453092e-05,Yes,188035.7494432812,188101.75317522505,1254.0116878348335,-0.07410069159035287,Yes,3.0983015842925594,-4.625565774484153
13.946214810069993,0.5,2.4036323395692622e-05,Yes,190849.75194928667,190909.11149653525,1272.7274099769015,-0.0816370123495141,Yes,3.1047353973538905,-4.619131961422822
13.982385943051488,0.5,2.4296822628374425e-05,Yes,192886.64112827973,192978.13329484087,1286.5208886322725,-0.08552037054486011,Yes,3.1094168420380734,-4.614450516738639
14.018557076032984,0.5,2.4437160816860988e-05,Yes,194023.64269340425,194092.77293551923,1293.9518195701278,-0.08587742559574166,Yes,3.1119181056337735,-4.611949253142939
14.06700347751024,0.5,2.452275373988629e-05,Yes,194791.3611436509,194772.5969092672,1298.4839793951144,-0.08444089444259785,Yes,3.1134365957033117,-4.610430763073401
14.115449878987494,0.5,2.4584578807671108e-05,Yes,195040.72017212788,195263.64408668733,1301.7576272445822,-0.08148666423658801,Yes,3.11453013096884,-4.609337227807872
14.16389628046475,0.5,2.453770101274043e-05,Yes,194728.11538003167,194891.31600506665,1299.2754400337778,-0.0771367209779885,Yes,3.1137012291378627,-4.61016612963885
14.212342681942005,0.5,2.444638825560729e-05,Yes,194031.65465923812,194166.0621030614,1294.4404140204094,-0.07151305066707568,Yes,3.1120820636872804,-4.611785295089432
14.260789083419258,0.5,2.429526005718413e-05,Yes,192762.9140845613,192965.7225333164,1286.4381502221092,-0.06473763930412592,Yes,3.109388910901631,-4.614478447875081
14.309235484896517,0.5,2.408737542681961e-05,Yes,191238.51041044976,191314.59355558813,1275.4306237039207,-0.05693247288941559,Yes,3.1056568403962266,-4.618210518380486
14.357681886373772,0.5,2.385780693949609e-05,Yes,189357.6078286288,189491.23999102466,1263.2749332734975,-0.04821953742322072,Yes,3.1014978786705965,-4.622369480106116
14.406128287851029,0.5,2.3588069336986624e-05,Yes,187280.77481121157,187348.84220478433,1248.9922813652288,-0.038720818905818334,Yes,3.096559754490351,-4.6273076042863615
14.454574689328284,0.5,2.330420523315365e-05,Yes,185020.62237643133,185094.2443215563,1233.961628810375,-0.028558303337484468,Yes,3.0913016551145542,-4.632565703662158
14.503021090805538,0.5,2.3005628598949406e-05,Yes,182678.8198858513,182722.7917906849,1218.1519452712325,-0.017853976718495517,Yes,3.0857014630728274,-4.638165895703885
14.551467492282793,0.5,2.2705088444615456e-05,Yes,180300.21875475039,180335.7439511136,1202.2382930074236,-0.006729825049127849,Yes,3.079990556752682,-4.643876802024031
14.599913893760046,0.5,2.2409510290218896e-05,Yes,177988.82440517272,177988.10692257594,1186.5873794838396,0.004692165670342183,Yes,3.074299724879848,-4.649567633896864
14.648360295237305,0.5,2.2130634700507754e-05,Yes,175780.28284890647,175773.1304399677,1171.8208695997846,0.01629000943963821,Yes,3.0688612283287062,-4.655006130448006
14.69680669671456,0.5,2.186673044370163e-05,Yes,173679.3981603352,173677.06415072648,1157.8470943381765,0.027941720258483863,Yes,3.063651210108349,-4.660216148668364
14.793699499669067,0.5,2.137959884554593e-05,Yes,169808.01178728061,169808.00901051913,1132.0533934034606,0.050918799043718536,Yes,3.053866910874904,-4.670000447901809
14.89059230262358,0.5,2.0968740693833165e-05,Yes,166522.43230351788,166544.75766365766,1110.2983844243843,0.07264751402383571,Yes,3.045439707880986,-4.678427650895727
14.987485105578092,0.5,2.0637836819748125e-05,Yes,163842.61277676706,163916.5452056884,1092.7769680379226,0.09215197719662352,Yes,3.03853153300707,-4.685335825769643
15.0843779085326,0.5,2.03307068619138e-05,Yes,161486.30752198154,161477.1576837753,1076.5143845585021,0.11104611314932868,Yes,3.0320198373110565,-4.691847521465656
15.181270711487114,0.5,2.0034234037526153e-05,Yes,159115.8655173867,159122.41471601938,1060.816098106796,0.13251601651466455,Yes,3.0256401016205614,-4.698227257156152
15.278163514441626,0.5,1.9735697427930867e-05,Yes,156817.2561349659,156751.28008162536,1045.0085338775025,0.15560639028368822,Yes,3.0191198370506855,-4.704747521726027
15.375056317396135,0.5,1.947649175940428e-05,Yes,154683.65827889374,154692.53244960832,1031.2835496640557,0.17930486351671898,Yes,3.0133780902338256,-4.710489268542887
15.56884192330516,0.5,1.9015167073059313e-05,Yes,151028.47077374466,151028.4493645339,1006.8563290968928,0.22447662461607512,Yes,3.002967504384896,-4.720899854391816
15.762627529214182,0.5,1.8694645326193467e-05,Yes,148407.38523362615,148482.69721674742,989.8846481116493,0.2599323322952835,Yes,2.9955845889335357,-4.728282769843177
15.916536493290975,0.5,1.8526902620623208e-05,Yes,147133.0163662695,147150.39650031662,981.0026433354442,0.2757945665306559,Yes,2.9916701775985524,-4.73219718117816
16.041811100397123,0.5,1.8474858205925727e-05,Yes,146707.76393585786,146737.03240944925,978.246882729662,0.27792756656066964,Yes,2.9904484726570892,-4.733418886119623
16.15283680331719,0.5,1.847022034237018e-05,Yes,146700.18800898528,146700.1960598939,978.0013070659593,0.2739592007209387,Yes,2.9903394352080044,-4.733527923568708
16.26386250623725,0.5,1.8498776492740357e-05,Yes,146932.32744106534,146927.0040123908,979.5133600826056,0.2658354184316792,Yes,2.9910103639352306,-4.732856994841482
16.374888209157312,0.5,1.8557616389241686e-05,Yes,147404.57305243358,147394.34139076993,982.6289426051333,0.2539734307118014,Yes,2.9923895518083543,-4.731477806968358
16.59693961499743,0.5,1.8762026135438094e-05,Yes,149022.53164279833,149017.8710123835,993.45247341589,0.2207036830558366,Yes,2.9971470953744355,-4.726720263402277
16.81899102083755,0.5,1.909085907505731e-05,Yes,151576.74170646648,151629.6350205491,1010.8642334703267,0.1774876459043311,Yes,3.004692830552379,-4.719174528224333
17.041042426677674,0.5,1.9570941310693845e-05,Yes,155450.47243400308,155442.70041918926,1036.2846694612615,0.12533349572616215,Yes,3.0154790733569765,-4.708388285419736
17.06879885240769,0.5,1.967845126784332e-05,Yes,156296.6069662149,156296.60099535287,1041.977339969019,0.11472234836367852,Yes,3.01785827440168,-4.706009084375032
17.124311703867722,0.5,1.997284221428943e-05,Yes,158634.7833159701,158634.8085944702,1057.5653906298014,0.08787459118675361,Yes,3.024307229864296,-4.699560128912417
17.179824555327748,0.5,2.0396763702058654e-05,Yes,161999.50561338337,162001.81582107526,1080.012105473835,0.05442669219669033,Yes,3.0334286233675267,-4.690438735409185
17.235337406787778,0.5,2.0994950874788426e-05,Yes,166748.36713241605,166752.9326942543,1111.6862179616955,0.015459221140855003,Yes,3.0459822215642802,-4.677885137212432
17.290850258247808,0.5,2.1848000154466675e-05,Yes,173562.22513522266,173528.29835085545,1156.8553223390365,-0.02794725223338601,Yes,3.0632790489788775,-4.660588309797835
17.338144865047088,0.5,2.285042089604049e-05,Yes,181479.8307884325,181490.0506525344,1209.9336710168961,-0.06761925276433534,Yes,3.0827615627950253,-4.641105795981687
17.385439471846368,0.5,2.4143380626438e-05,Yes,191503.385209462,191759.41628168972,1278.3961085445985,-0.10906071053974968,Yes,3.1066654399735305,-4.6172019188031825
17.43273407864565,0.5,2.568314581371097e-05,Yes,204038.94660114282,203989.0405456176,1359.9269369707845,-0.15160342466215254,Yes,3.1335155762211104,-4.590351782555603
17.480028685444935,0.5,2.760789986970453e-05,Yes,218750.63954626734,219276.4487165748,1461.8429914438325,-0.1945791942340801,Yes,3.1649007299328735,-4.558966628843839
17.527323292244215,0.5,2.9698257406740124e-05,Yes,236600.70020017197,235879.1667585972,1572.5277783906486,-0.2373198183580557,Yes,3.1965983259107693,-4.527269032865943
17.5746178990435,0.5,3.2401127396036364e-05,Yes,254454.11731669746,257346.78057176733,1715.645203811783,-0.27915709613661555,Yes,3.2344274805067577,-4.489439878269955
17.617183045162857,0.5,3.4459267699991904e-05,Yes,273694.32391387323,273693.61241851194,1824.62408279008,-0.3154860169702264,Yes,3.261173402717745,-4.462693956058968
17.655491676670273,0.5,3.6756288565790016e-05,Yes,291999.36739468545,291937.7592191456,1946.2517281276373,-0.3466910672749709,Yes,3.289199011197738,-4.434668347578975
17.69380030817769,0.5,3.9019582097683945e-05,Yes,310135.00750300713,309914.0258101982,2066.0935054013207,-0.3761153501325561,Yes,3.3151499725373714,-4.408717386239341
17.77041757119253,0.5,4.333208948332461e-05,Yes,344163.0624891457,344166.22568958736,2294.4415045972496,-0.4282011760936384,Yes,3.360676990095851,-4.363190368680861
17.847034834207367,0.5,4.717227351686691e-05,Yes,374187.93653445947,374666.98530069005,2497.7799020046004,-0.4689026200282512,Yes,3.3975541668018425,-4.32631319197487
17.915990370920728,0.5,4.982249497410176e-05,Yes,395677.09267138736,395716.4368054249,2638.109578702833,-0.4934522898937312,Yes,3.421292830800037,-4.302574527976676
17.978050353962747,0.5,5.14367733961857e-05,Yes,408423.6924895399,408537.8843369265,2723.5858955795097,-0.5039836115016467,Yes,3.4351410764653854,-4.288726282311327
18.03390433870056,0.5,5.210657750729477e-05,Yes,413659.973340102,413857.820569415,2759.052137129433,-0.5031892487147643,Yes,3.440759907312703,-4.2831074514640095
18.0841729249646,0.5,5.210869494578068e-05,Yes,413660.5954229909,413874.63837858406,2759.164255857228,-0.4952669297919974,Yes,3.4407775552414317,-4.283089803535281
18.134441511228637,0.5,5.1682336235022305e-05,Yes,409911.9277546585,410488.27344623866,2736.5884896415905,-0.4813600398711118,Yes,3.4372094959434247,-4.286657862833287
18.184710097492673,0.5,5.073181018480038e-05,Yes,402188.5675477732,402938.69605393655,2686.257973692911,-0.4621920429628299,Yes,3.429147717629585,-4.294719641147127
18.285247270020736,0.5,4.7470226677806426e-05,Yes,377061.53272372007,377033.4858792578,2513.556572528385,-0.4109665842269676,Yes,3.4002886643245533,-4.323578694452159
18.38578444254881,0.5,4.317052794322322e-05,Yes,343730.4845352514,342883.0190375129,2285.88679358342,-0.3473782656701896,Yes,3.359054718561695,-4.364812640215018
18.48632161507689,0.5,3.8561871113269774e-05,Yes,306751.652118872,306278.6446448585,2041.8576309657235,-0.277214799378282,Yes,3.3100254575150987,-4.413841901261614
18.58685878760496,0.5,3.399354711141664e-05,Yes,270231.7825214714,269994.6147678779,1799.9640984525195,-0.20626389743702173,Yes,3.255263842881386,-4.468603515895326
18.65956622073979,0.5,3.105761964618793e-05,Yes,246675.90373705624,246675.93600914863,1644.5062400609906,-0.15773584611104247,Yes,3.2160355257474746,-4.507831833029238
18.73227365387462,0.5,2.856456337422076e-05,Yes,226798.906611764,226874.77299611445,1512.4984866407626,-0.11401204370888245,Yes,3.1796949487830886,-4.5441724099936245
18.797710343695968,0.5,2.681037425690333e-05,Yes,212862.01318067685,212942.08119999824,1419.6138746666547,-0.08057753617009794,Yes,3.152170235294969,-4.571697123481743
18.845602622835862,0.5,2.583106752154917e-05,Yes,205002.75879277452,205163.9124821261,1367.7594165475073,-0.06061833354528801,Yes,3.1360097134261427,-4.58785764535057
18.882963322529427,0.5,2.522214765650299e-05,Yes,200327.39318886388,200327.55092654022,1335.5170061769347,-0.048151064364382434,Yes,3.1256494226020766,-4.598217936174636
18.911288273597066,0.5,2.486692063564732e-05,Yes,197508.36076321785,197506.15125510504,1316.7076750340334,-0.04071212216837411,Yes,3.1194893670564063,-4.604377991720306
18.936780729557945,0.5,2.461698673902691e-05,Yes,195516.09690496195,195521.04490788304,1303.4736327192204,-0.035620244168906516,Yes,3.1151022504791355,-4.608765108297577
18.959110102857732,0.5,2.445232640780355e-05,Yes,194213.2237792113,194213.22602830312,1294.7548401886872,-0.032485154835058934,Yes,3.1121875432182646,-4.611679815558448
18.97884477333156,0.5,2.434773095332555e-05,Yes,193382.2765057349,193382.47396392745,1289.2164930928495,-0.03079763462934265,Yes,3.110325852854411,-4.613541505922301
18.996605976758,0.5,2.4287809883192058e-05,Yes,192905.79432168946,192906.5493364049,1286.0436622426994,-0.030185747877781777,Yes,3.10925571349425,-4.614611645282463
19.01436718018445,0.5,2.425281455933656e-05,Yes,192624.95075663363,192628.59808430183,1284.1906538953458,-0.0302432360547501,Yes,3.1086295048761863,-4.615237853900527
19.03212838361089,0.5,2.423258592315037e-05,Yes,192464.943175366,192467.93162556287,1283.1195441704192,-0.030535699006047343,Yes,3.108267120096669,-4.615600238680043
19.04988958703733,0.5,2.4222493795101305e-05,Yes,192386.1216003319,192387.77464118387,1282.585164274559,-0.03104541809294608,Yes,3.1080862121047215,-4.615781146671991
19.085411993890226,0.5,2.423124454653221e-05,Yes,192459.39162316066,192457.27770756802,1283.0485180504536,-0.03269458953454248,Yes,3.1082430793859817,-4.615624279390731
19.12093440074312,0.5,2.4280937518569282e-05,Yes,192846.9700500851,192851.96540514322,1285.6797693676215,-0.035146680101528265,Yes,3.1091328101783158,-4.614734548598396
19.15290456691072,0.5,2.4342965970380306e-05,Yes,193344.54648681637,193344.62796537785,1288.964186435852,-0.03800363337924712,Yes,3.110240850751881,-4.613626508024831
19.188671454833532,0.5,2.444978413726688e-05,Yes,194193.05185519348,194193.03397973767,1294.6202265315844,-0.04188878668113069,Yes,3.112142387945649,-4.611724970831064
19.224438342756343,0.5,2.4586127655130585e-05,Yes,195280.7184793085,195275.94584712986,1301.8396389808654,-0.04645807267065935,Yes,3.114557490994903,-4.60930986778181
19.26020523067916,0.5,2.4753786190137814e-05,Yes,196617.2104501585,196607.57803671746,1310.7171869114495,-0.05166650485887033,Yes,3.11750899419681,-4.606358364579902
19.331739006524785,0.5,2.518163478719924e-05,Yes,200010.9451395459,200005.776429017,1333.371842860113,-0.06382086187549438,Yes,3.1249512797834,-4.598916078993312
19.40327278237041,0.5,2.572556013565997e-05,Yes,204277.33666695462,204325.91737926268,1362.1727825284183,-0.07799196581930667,Yes,3.13423219842801,-4.589635160348703
19.47480655821604,0.5,2.639576322895681e-05,Yes,209700.38218649052,209649.02253795177,1397.6601502530116,-0.09381992477861373,Yes,3.14540158284554,-4.578465775931173
19.617874109907294,0.5,2.8061855634777844e-05,Yes,222881.7490494531,222882.00395654165,1485.8800263769447,-0.12900684009692828,Yes,3.1719837448310786,-4.551883613945634
19.76094166159855,0.5,3.0130029269323244e-05,Yes,239320.4822755452,239308.52578734612,1595.3901719156408,-0.1665024725368803,Yes,3.202866912338533,-4.52100044643818
19.904009213289804,0.5,3.245000197897e-05,Yes,257158.1912962731,257734.96819301962,1718.2331212867975,-0.2034276868049086,Yes,3.235082086398639,-4.488785272378073
20.047076764981057,0.5,3.477272208976351e-05,Yes,276535.6335823543,276183.23190235987,1841.2215460157324,-0.23733516138805102,Yes,3.2651060483754177,-4.458761310401295
20.190144316672317,0.5,3.733722123380374e-05,Yes,295423.39989573124,296551.83174862765,1977.0122116575174,-0.2718857475976001,Yes,3.2960093518827644,-4.427858006893948
20.333211868363566,0.5,3.991693172040468e-05,Yes,321142.2710285048,317041.24807107303,2113.6083204738197,-0.3084806755058448,Yes,3.3250245099263727,-4.3988428488503395
20.47627942005482,0.5,4.3805072311294015e-05,Yes,337944.7356398286,347922.9038617967,2319.4860257453115,-0.3469274255024396,Yes,3.365391760359852,-4.35847559841686
20.60504021657695,0.5,4.620888354492252e-05,Yes,365763.666560775,367015.2358820775,2446.76823921385,-0.3829536909269634,Yes,3.3885928344121266,-4.3352745243645865
20.7183122762031,0.5,4.8995925366953997e-05,Yes,390278.19192816096,389151.38662312896,2594.342577487527,-0.4156461894273821,Yes,3.414027323208745,-4.309840035567968
20.831584335829245,0.5,5.213959719290138e-05,Yes,413484.9839729414,414120.0802643475,2760.80053509565,-0.4491746605288491,Yes,3.441035030457969,-4.282832328318744
20.944856395455407,0.5,5.521589199849546e-05,Yes,437783.6708662489,438553.6302032962,2923.6908680219744,-0.4834435565988333,Yes,3.4659314512510853,-4.257935907525628
21.171400514707702,0.5,6.263186957756767e-05,Yes,497450.23827066977,497455.22123250534,3316.3681415500355,-0.564133869515651,Yes,3.520662734474549,-4.203204624302163
21.332225598767394,0.5,6.94277550727893e-05,Yes,551611.6452361502,551431.7150733833,3676.211433822555,-0.636834462626688,Yes,3.5654004814686364,-4.158466877308077
21.473427563763106,0.5,7.587019869995646e-05,Yes,602751.1355978908,602600.987864471,4017.339919096473,-0.7029321860396046,Yes,3.6039385802360826,-4.11992877854063
21.614629528758822,0.5,8.214709390897794e-05,Yes,652398.8438636684,652455.3881229517,4349.702587486345,-0.7641450518716719,Yes,3.6384595629249206,-4.085407795851792
21.73710853810849,0.5,8.672636128453813e-05,Yes,688823.8517302342,688826.3360246569,4592.175573497711,-0.8081023884070558,Yes,3.662018484168566,-4.061848874608147
21.859587547458172,0.5,9.022615372131004e-05,Yes,716451.6921061266,716623.5266984248,4777.490177989499,-0.8389777353660376,Yes,3.6791998028648116,-4.044667555911901
21.982066556807844,0.5,9.216651308220148e-05,Yes,731677.9202126537,732034.8804014687,4880.232536009792,-0.8524017178717521,Yes,3.6884405159985847,-4.0354268427781275
22.10454556615752,0.5,9.213219764706716e-05,Yes,731700.1250436795,731762.3291828706,4878.415527885803,-0.8447776098183382,Yes,3.6882787893729754,-4.035588569403736
22.227024575507198,0.5,9.002995913030696e-05,Yes,715156.0779961039,715065.2461564208,4767.101641042806,-0.8163639285329418,Yes,3.6782544117704314,-4.045612947006282
22.471982594206537,0.5,8.019381459966028e-05,Yes,636929.5938074486,636941.4174000738,4246.276116000492,-0.7027648837054394,Yes,3.6280082309407926,-4.0958591278359195
22.716940612905887,0.5,6.423680700505508e-05,Yes,510024.124544681,510202.4776762286,3401.349851174857,-0.5227880152271738,Yes,3.531651304270425,-4.192216054506288
22.961898631605234,0.5,4.3751880279224766e-05,Yes,350911.69437965803,347500.4247906898,2316.669498604598,-0.28761462632796503,Yes,3.364864080760062,-4.35900327801665
23.035956314056307,0.5,4.059044432496699e-05,Yes,322330.8306319682,322390.6391073806,2149.270927382537,-0.2467967775,Yes,3.332291164142413,-4.3915761946342995
