AirExchangeRate,AttenuationGroundwater,AttenuationSubslab,Peclet,Contaminated,SubslabConcentration,RelativeAirEntryRate,EntryRate,Gravel,Pathway,IndoorConcentration,IndoorOutdoorPressure,logIndoorConcentration,logAttenuationSubslab,logAttenuationGroundwater,logSubslabConcentration
0.1,0.0004985980140588144,0.0006988933770905449,2.1127849812758,Yes,0.004963285879432514,0.005560917679837089,144.6731997593062,Yes,Yes,26400.8496060766,-5,4.421617903130957,-3.1555890750028657,-3.302249455645755,-2.304230709230574
0.1,0.0003951265576518108,0.0005986565389473178,1.6902279850206845,Yes,0.004591854959609704,0.004448734143869787,114.64992196824984,Yes,Yes,20922.018399178178,-4,4.320603579685729,-3.2228222694649338,-3.403263779090984,-2.3380118382137343
0.1,0.0002925067532922678,0.0004939650438577028,1.2676709887654876,Yes,0.004119735674429287,0.003336550607902298,84.87375953528453,Yes,Yes,15488.282312973635,-3,4.190003256147764,-3.3063037834586555,-3.533864102628949,-2.3851306477579777
0.1,0.0001913576381404385,0.0003813862216208224,0.845113992510343,Yes,0.003490683508569079,0.0022243670719348948,55.52433228282925,Yes,Yes,10132.419470334702,-2,4.005713160775118,-3.4186350008079343,-3.7181541980015953,-2.457089525781345
0.1,9.334726074431131e-05,0.00025120990539718985,0.4225569962551676,Yes,0.0025852020381261745,0.0011121835359674376,27.085641177569343,Yes,Yes,4942.75332544561,-1,3.693968936968774,-3.599963240036248,-4.029898421807938,-2.587505510359375
0.1,5.1361954666623166e-06,5.238600614875728e-05,-0.4225569962551677,Yes,0.0006821123693099976,-0.0011121835359674376,1.4903184766067394,Yes,Yes,271.9624231129989,1,2.434508901967864,-4.280784710421552,-5.2893584568088485,-3.16614407497498
0.1,4.2043732389452045e-06,4.7828406226867876e-05,-0.8451139925103482,Yes,0.0006115683833211805,-0.002224367071934911,1.2199409390123401,Yes,Yes,222.62227774559918,2,2.347568621893903,-4.320314090765272,-5.376298736882809,-3.213554974705222
0.1,3.5439126900129377e-06,4.449094449802677e-05,-1.2676709887654818,Yes,0.0005541675094498359,-0.003336550607902277,1.028301706134157,Yes,Yes,187.6507794013424,3,2.2733503725806985,-4.35172837451882,-5.450516986196014,-3.2563589402648785
0.1,3.0398388587461554e-06,4.177730755825683e-05,-1.69022798502071,Yes,0.0005062205675500796,-0.0044487341438698615,0.8820396432537849,Yes,Yes,160.95998434321487,4,2.2067179211314514,-4.37905955263409,-5.517149437645261,-3.2956602135988553
0.1,2.6404121972610994e-06,3.9462315051786e-05,-2.112784981275833,Yes,0.0004654990963075511,-0.0055609176798371495,0.7661420031572826,Yes,Yes,139.8102747150487,5,2.1455390890640142,-4.403817440504908,-5.578328269712698,-3.332081157795474
0.3,0.00016619933801960608,0.00023296445903021762,2.1127849812759107,Yes,0.004963285879431786,0.005560917679837357,144.67319975930718,Yes,Yes,8800.283202025603,-5,3.9444966484112984,-3.632710329722461,-3.779370710365414,-2.3042307092306378
0.3,0.00013170885255060365,0.000199552179649108,1.690227985020715,Yes,0.004591854959609658,0.004448734143869875,114.6499219682498,Yes,Yes,6974.006133059394,-4,3.8434823249660663,-3.699943524184592,-3.8803850338106463,-2.3380118382137387
0.3,9.75022510974228e-05,0.00016465501461923084,1.2676709887655029,Yes,0.0041197356744293815,0.003336550607902335,84.87375953528448,Yes,Yes,5162.760770991224,-3,3.7128820014281025,-3.783425038178327,-4.01098535734861,-2.3851306477579675
0.3,6.378587938014596e-05,0.0001271287405402665,0.8451139925103271,Yes,0.003490683508569276,0.002224367071934849,55.5243322828289,Yes,Yes,3377.473156778223,-2,3.5285919060554534,-3.8957562555276226,-4.195275452721259,-2.4570895257813206
0.3,3.1115753581437184e-05,8.373663513239865e-05,0.4225569962551785,Yes,0.0025852020381261177,0.0011121835359674671,27.08564117756942,Yes,Yes,1647.5844418152076,-1,3.2168476822491128,-4.0770844947558995,-4.5070196765276,-2.5875055103593843
0.3,1.7120651555541016e-06,1.7462002049585738e-05,-0.4225569962551761,Yes,0.0006821123693099972,-0.0011121835359674595,1.4903184766067368,Yes,Yes,90.65414103766614,1,1.9573876472482006,-4.757905965141216,-5.766479711528512,-3.1661440749749805
0.3,1.4014577463150726e-06,1.594280207562305e-05,-0.8451139925103456,Yes,0.0006115683833211662,-0.0022243670719348982,1.2199409390123441,Yes,Yes,74.20742591519996,2,1.8704473671742419,-4.797435345484923,-5.853419991602471,-3.2135549747052323
0.3,1.1813042300042478e-06,1.4830314832673322e-05,-1.2676709887655242,Yes,0.0005541675094498901,-0.003336550607902381,1.028301706134098,Yes,Yes,62.55025980044401,3,1.7962291178610121,-4.828849629238549,-5.927638240915701,-3.256358940264836
0.3,1.013279619582091e-06,1.3925769186086698e-05,-1.6902279850207065,Yes,0.0005062205675500596,-0.004448734143869852,0.8820396432538201,Yes,Yes,53.653328114407046,4,1.7295966664118059,-4.856180807353718,-5.994270692364907,-3.295660213598872
0.3,8.80137399086977e-07,1.3154105017260645e-05,-2.112784981275867,Yes,0.00046549909630756926,-0.005560917679837235,0.7661420031572338,Yes,Yes,46.60342490501328,5,1.6684178343443243,-4.880938695224615,-6.0554495244323885,-3.3320811577954568
0.5,9.971960281176379e-05,0.00013977867541812889,2.112784981275857,Yes,0.004963285879431853,0.005560917679837204,144.6731997593066,Yes,Yes,5280.169921215371,-5,3.7226478987949427,-3.8545590793388227,-4.00121945998177,-2.3042307092306316
0.5,7.902531153036197e-05,0.00011973130778946177,1.6902279850205857,Yes,0.004591854959609762,0.004448734143869519,114.64992196824923,Yes,Yes,4184.4036798356265,-4,3.621633575349709,-3.921792273800959,-4.102233783427004,-2.338011838213729
0.5,5.850135065845376e-05,9.879300877154472e-05,1.2676709887655062,Yes,0.004119735674429129,0.00333655060790235,84.87375953528462,Yes,Yes,3097.656462594738,-3,3.4910332518117464,-4.005273787794656,-4.232834106964966,-2.385130647757994
0.5,3.827152762808774e-05,7.627724432416423e-05,0.8451139925103481,Yes,0.003490683508569093,0.0022243670719349143,55.5243322828291,Yes,Yes,2026.4838940669424,-2,3.306743156439099,-4.117605005143955,-4.417124202337614,-2.457089525781343
0.5,1.8669452148862266e-05,5.024198107943777e-05,0.42255699625516857,Yes,0.0025852020381261845,0.0011121835359674383,27.085641177569343,Yes,Yes,988.550665089122,-1,2.9949989326327553,-4.298933244372268,-4.728868426143957,-2.587505510359373
0.5,1.0272390933324623e-06,1.0477201229751186e-05,-0.4225569962551765,Yes,0.0006821123693100148,-0.001112183535967463,1.4903184766067366,Yes,Yes,54.39248462259975,1,1.7355388976318449,-4.979754714757583,-5.988328461144868,-3.1661440749749694
0.5,8.408746477890397e-07,9.565681245373566e-06,-0.8451139925103499,Yes,0.0006115683833211803,-0.0022243670719349147,1.2199409390123384,Yes,Yes,44.52445554911976,2,1.6485986175578835,-5.019284095101291,-6.075268741218829,-3.213554974705222
0.5,7.08782538002585e-07,8.898188899605298e-06,-1.2676709887655058,Yes,0.0005541675094498373,-0.003336550607902344,1.0283017061341528,Yes,Yes,37.530155880268325,3,1.574380368244678,-5.050698378854841,-6.149486990532035,-3.256358940264877
0.5,6.079677717492626e-07,8.355461511652139e-06,-1.6902279850206532,Yes,0.000506220567550059,-0.004448734143869721,0.8820396432538313,Yes,Yes,32.191996868644644,4,1.507747916795455,-5.078029556970069,-6.216119441981258,-3.295660213598873
0.5,5.280824394521106e-07,7.892463010354024e-06,-2.112784981275904,Yes,0.00046549909630764217,-0.005560917679837344,0.7661420031571231,Yes,Yes,27.96205494300397,5,1.446569084727906,-5.102787444841102,-6.277298274048807,-3.332081157795389
0.7,7.122828772268827e-05,9.984191101294704e-05,2.1127849812759023,Yes,0.00496328587943195,0.005560917679837337,144.67319975930718,Yes,Yes,3771.549943725257,-5,3.5765198631167037,-4.00068711501707,-4.147347495660009,-2.304230709230623
0.7,5.6446651093115635e-05,8.552236270675627e-05,1.6902279850207105,Yes,0.004591854959609871,0.004448734143869856,114.64992196824936,Yes,Yes,2988.8597713111585,-4,3.4755055396714702,-4.0679203094792085,-4.248361819105242,-2.3380118382137183
0.7,4.178667904175257e-05,7.056643483681314e-05,1.2676709887655115,Yes,0.0041197356744293815,0.003336550607902361,84.87375953528448,Yes,Yes,2212.6117589962355,-3,3.3449052161335073,-4.151401823472922,-4.378962142643205,-2.3851306477579675
0.7,2.733680544863417e-05,5.448374594583429e-05,0.845113992510352,Yes,0.003490683508568929,0.002224367071934914,55.52433228282929,Yes,Yes,1447.488495762105,-2,3.160615120760862,-4.263733040822171,-4.56325223801585,-2.4570895257813636
0.7,1.3335322963473055e-05,3.588712934245629e-05,0.4225569962551703,Yes,0.002585202038126133,0.0011121835359674443,27.08564117756942,Yes,Yes,706.107617920802,-1,2.8488708969545176,-4.445061280050497,-4.874996461822195,-2.587505510359382
0.7,7.337422095231937e-07,7.483715164108438e-06,-0.4225569962551664,Yes,0.0006821123693099795,-0.0011121835359674333,1.4903184766067508,Yes,Yes,38.85177473042872,1,1.5894108619536105,-5.125882750435794,-6.134456496823102,-3.1661440749749916
0.7,6.006247484207379e-07,6.832629460980979e-06,-0.8451139925103575,Yes,0.0006115683833211879,-0.0022243670719349342,1.2199409390123273,Yes,Yes,31.803182535085288,2,1.502470581879642,-5.165412130779538,-6.221396776897071,-3.213554974705217
0.7,5.062732414304005e-07,6.355849214003075e-06,-1.267670988765491,Yes,0.00055416750944988,-0.0033365506079023077,1.028301706134116,Yes,Yes,26.807254200190744,3,1.4282523325664251,-5.196826414533128,-6.295615026210288,-3.256358940264844
0.7,4.342626941066372e-07,5.968186794038266e-06,-1.6902279850206632,Yes,0.0005062205675499967,-0.004448734143869729,0.8820396432538741,Yes,Yes,22.994283477604434,4,1.3616198811172382,-5.224157592648233,-6.362247477659475,-3.2956602135989264
0.7,3.772017424657917e-07,5.637473578824256e-06,-2.1127849812759414,Yes,0.00046549909630764407,-0.00556091767983743,0.7661420031571171,Yes,Yes,19.972896387859887,5,1.300441049049666,-5.248915480519344,-6.423426309727047,-3.332081157795387
0.9,5.5399779339868725e-05,7.765481967673694e-05,2.1127849812758708,Yes,0.004963285879431935,0.005560917679837235,144.67319975930687,Yes,Yes,2933.427734008537,-5,3.4673753936916363,-4.109831584442136,-4.256491965085076,-2.3042307092306245
0.9,4.390295085020116e-05,6.651739321636543e-05,1.6902279850206885,Yes,0.004591854959609921,0.004448734143869801,114.64992196824943,Yes,Yes,2324.6687110197954,-4,3.3663610702464033,-4.177064778904279,-4.357506288530309,-2.338011838213714
0.9,3.2500750365807586e-05,5.488500487307962e-05,1.2676709887655122,Yes,0.004119735674429179,0.003336550607902357,84.87375953528456,Yes,Yes,1720.9202569970735,-3,3.2357607467084395,-4.260546292897968,-4.488106612068273,-2.3851306477579888
0.9,2.126195979338212e-05,4.23762468467598e-05,0.8451139925103608,Yes,0.0034906835085689435,0.002224367071934946,55.52433228282928,Yes,Yes,1125.8243855927478,-2,3.051470651335794,-4.372877510247241,-4.672396707440918,-2.457089525781362
0.9,1.0371917860479044e-05,2.7912211710799048e-05,0.42255699625516857,Yes,0.00258520203812616,0.0011121835359674383,27.08564117756936,Yes,Yes,549.1948139384017,-1,2.7397264275294497,-4.55420574947557,-4.984140931247263,-2.587505510359377
0.9,5.706883851847015e-07,5.820667349861905e-06,-0.4225569962551744,Yes,0.0006821123693099987,-0.001112183535967456,1.4903184766067388,Yes,Yes,30.218047012555413,1,1.4802663925285386,-5.2350272198608785,-6.243600966248174,-3.1661440749749796
0.9,4.6715258210504177e-07,5.31426735854139e-06,-0.8451139925102806,Yes,0.0006115683833211464,-0.0022243670719347343,1.219940939012386,Yes,Yes,24.735808638400922,2,1.393326112454596,-5.274556600204555,-6.330541246322117,-3.213554974705246
0.9,3.937680766680731e-07,4.943438277557475e-06,-1.2676709887655335,Yes,0.0005541675094499104,-0.00333655060790242,1.02830170613407,Yes,Yes,20.850086600147506,3,1.3191078631413393,-5.305970883958238,-6.404759495635373,-3.25635894026482
0.9,3.3775987319402363e-07,4.641923062028714e-06,-1.6902279850207025,Yes,0.0005062205675500697,-0.004448734143869832,0.8820396432538018,Yes,Yes,17.884442704801987,4,1.2524754116921346,-5.333302062073399,-6.4713919470845775,-3.2956602135988637
0.9,2.933791330290053e-07,4.384701672420533e-06,-2.112784981275853,Yes,0.00046549909630755614,-0.0055609176798372024,0.7661420031572651,Yes,Yes,15.534474968338444,5,1.191296579624681,-5.358059949944247,-6.5325707791520315,-3.332081157795469
1.1,4.5327092187165414e-05,6.353576155369488e-05,2.1127849812759387,Yes,0.004963285879431864,0.00556091767983743,144.67319975930744,Yes,Yes,2400.07723691608,-5,3.380225217972737,-4.196981760161029,-4.343642140803976,-2.3042307092306307
1.1,3.5920596150164514e-05,5.442332172247971e-05,1.6902279850206652,Yes,0.0045918549596100046,0.0044487341438697375,114.64992196824923,Yes,Yes,1902.0016726525564,-4,3.2792108945275023,-4.2642149546231884,-4.44465646424921,-2.338011838213706
1.1,2.6591523026569862e-05,4.490591307797208e-05,1.2676709887654938,Yes,0.00411973567442938,0.0033365506079023077,84.87375953528448,Yes,Yes,1408.0256648157886,-3,3.14861057098954,-4.347696468616889,-4.575256787787173,-2.385130647757968
1.1,1.7396148921858055e-05,3.467147469280244e-05,0.8451139925103514,Yes,0.003490683508569039,0.0022243670719349178,55.52433228282919,Yes,Yes,921.1290427577004,-2,2.9643204756168924,-4.460027685966154,-4.75954688315982,-2.45708952578135
1.1,8.486114613119208e-06,2.283726412701746e-05,0.4225569962551767,Yes,0.002585202038126151,0.0011121835359674623,27.08564117756938,Yes,Yes,449.3412114041462,-1,2.6525762518105487,-4.641355925194469,-5.0712911069661635,-2.587505510359379
1.1,4.669268606056693e-07,4.7623641953417695e-06,-0.4225569962551644,Yes,0.0006821123693099753,-0.0011121835359674266,1.4903184766067532,Yes,Yes,24.723856646636484,1,1.3931162168096427,-5.32217739557976,-6.3307511419670695,-3.1661440749749943
1.1,3.8221574899501773e-07,4.3480369297152805e-06,-0.8451139925103508,Yes,0.0006115683833211765,-0.002224367071934919,1.2199409390123377,Yes,Yes,20.23838888596352,2,1.3061759367356771,-5.361706775923495,-6.4176914220410355,-3.2135549747052248
1.1,3.221738809102541e-07,4.044631318001968e-06,-1.2676709887655029,Yes,0.0005541675094498772,-0.0033365506079023363,1.0283017061341158,Yes,Yes,17.059161763757707,3,1.2319576874224558,-5.393121059677095,-6.491909671354256,-3.256358940264846
1.1,2.7634898715877753e-07,3.797937050751744e-06,-1.6902279850206374,Yes,0.0005062205675499961,-0.00444873414386966,0.8820396432539013,Yes,Yes,14.632725849385086,4,1.1653252359732833,-5.420452237792187,-6.55854212280343,-3.295660213598927
1.1,2.4003747247824233e-07,3.587483186524809e-06,-2.1127849812759094,Yes,0.000465499096307629,-0.00556091767983739,0.7661420031571534,Yes,Yes,12.710024974093251,5,1.104146403905718,-5.4452101256632774,-6.619720954870995,-3.3320811577954013
1.3,3.8353693389139946e-05,5.3761029006974376e-05,2.1127849812759067,Yes,0.004963285879431697,0.0055609176798373594,144.6731997593073,Yes,Yes,2030.834585082836,-5,3.307674550824125,-4.269532427309627,-4.416192807952587,-2.3042307092306453
1.3,3.0394350588600744e-05,4.605050299594275e-05,1.6902279850206396,Yes,0.004591854959610166,0.004448734143869671,114.64992196824892,Yes,Yes,1609.386030706009,-4,3.2066602273788907,-4.336765621771816,-4.5172071313978215,-2.3380118382136907
1.3,2.250051948402062e-05,3.799731106597646e-05,1.267670988765493,Yes,0.004119735674429365,0.003336550607902325,84.87375953528448,Yes,Yes,1191.406331767204,-3,3.0760599038409273,-4.4202471357655,-4.647807454935785,-2.3851306477579692
1.3,1.4719818318495307e-05,2.933740166314153e-05,0.8451139925103436,Yes,0.0034906835085689266,0.0022243670719349013,55.524332282829334,Yes,Yes,779.4168823334403,-2,2.8917698084682817,-4.532578353114751,-4.832097550308431,-2.457089525781364
1.3,7.180558518793187e-06,1.932383887670688e-05,0.4225569962551664,Yes,0.0025852020381261828,0.0011121835359674316,27.08564117756937,Yes,Yes,380.2117942650474,-1,2.580025584661938,-4.713906592343085,-5.143841774114775,-2.5875055103593736
1.3,3.950919589740239e-07,4.0296927806736514e-06,-0.4225569962551749,Yes,0.0006821123693099944,-0.0011121835359674571,1.4903184766067386,Yes,Yes,20.920186393307592,1,1.3205655496610267,-5.394728062728388,-6.4033018091156855,-3.1661440749749823
1.3,3.234133260727079e-07,3.679108171297557e-06,-0.8451139925103355,Yes,0.0006115683833211757,-0.002224367071934876,1.2199409390123408,Yes,Yes,17.124790595815313,2,1.233625269587066,-5.434257443072106,-6.490242089189646,-3.213554974705225
1.3,2.7260866846252927e-07,3.422380346001862e-06,-1.2676709887654882,Yes,0.0005541675094498589,-0.003336550607902297,1.0283017061341388,Yes,Yes,14.434675338564565,3,1.1594070202738547,-5.465671726825682,-6.564460338502858,-3.2563589402648603
1.3,2.3383375836510397e-07,3.213639042943112e-06,-1.6902279850206643,Yes,0.0005062205675500684,-0.004448734143869737,0.8820396432538434,Yes,Yes,12.381537257171171,4,1.0927745688246426,-5.493002904940889,-6.63109278995207,-3.2956602135988646
1.3,2.031086305585129e-07,3.0355626962902007e-06,-2.1127849812759085,Yes,0.000465499096307633,-0.0055609176798373395,0.7661420031571544,Yes,Yes,10.754636516540453,5,1.0315957367571067,-5.517760792811893,-6.6922716220196055,-3.3320811577953977
1.5,3.3239867603921145e-05,4.659289180603901e-05,2.112784981275853,Yes,0.004963285879432257,0.005560917679837206,144.6731997593066,Yes,Yes,1760.056640405117,-5,3.245526644075279,-4.331680334058522,-4.478340714701434,-2.3042307092305965
1.5,2.634177051012065e-05,3.991043592982229e-05,1.6902279850206663,Yes,0.004591854959609563,0.004448734143869752,114.64992196824969,Yes,Yes,1394.8012266118747,-4,3.1445123206300463,-4.398913528520603,-4.579355038146666,-2.3380118382137476
1.5,1.950045021948455e-05,3.293100292384609e-05,1.2676709887655029,Yes,0.004119735674429389,0.0033365506079023363,84.87375953528448,Yes,Yes,1032.5521541982441,-3,3.0139119970920834,-4.482395042514347,-4.709955361684629,-2.385130647757967
1.5,1.2757175876029186e-05,2.542574810805344e-05,0.8451139925103112,Yes,0.0034906835085692554,0.0022243670719348137,55.524332282828986,Yes,Yes,675.4946313556442,-2,2.8296219017194346,-4.59472625986364,-4.894245457057278,-2.4570895257813232
1.5,6.223150716287435e-06,1.6747327026479858e-05,0.4225569962551718,Yes,0.0025852020381260978,0.0011121835359674485,27.085641177569407,Yes,Yes,329.5168883630414,-1,2.517877677913094,-4.776054499091916,-5.205989680863619,-2.587505510359388
1.5,3.424130311108216e-07,3.4924004099171816e-06,-0.4225569962551705,Yes,0.0006821123693099929,-0.0011121835359674435,1.49031847660674,Yes,Yes,18.130828207533288,1,1.2584176429121834,-5.45687596947723,-6.465449715864529,-3.166144074974983
1.5,2.802915492630158e-07,3.1885604151246485e-06,-0.8451139925103364,Yes,0.0006115683833211615,-0.0022243670719348818,1.2199409390123523,Yes,Yes,14.841485183040055,2,1.171477362838225,-5.496405349820937,-6.552389995938488,-3.2135549747052354
1.5,2.3626084600084862e-07,2.9660629665346955e-06,-1.2676709887655109,Yes,0.0005541675094498822,-0.003336550607902367,1.0283017061340916,Yes,Yes,12.510051960088756,3,1.0972591135249916,-5.5278196335745635,-6.626608245251721,-3.256358940264842
1.5,2.0265592391641558e-07,2.785153837217352e-06,-1.6902279850207051,Yes,0.0005062205675500508,-0.004448734143869843,0.8820396432538099,Yes,Yes,10.73066562288127,4,1.0306266620757816,-5.555150811689735,-6.693240696700931,-3.2956602135988797
1.5,1.76027479817395e-07,2.6308210034519593e-06,-2.112784981275874,Yes,0.0004654990963075983,-0.005560917679837258,0.7661420031572315,Yes,Yes,9.320684981002632,5,0.9694478300083046,-5.579908699560662,-6.754419528768408,-3.3320811577954297
0.1,4.939230042741583e-06,2.138418881069784e-05,0.013278134386992409,Yes,0.0016069269883600091,3.494847460686285e-05,1.4331669892018986,No,Yes,261.53307043227403,-5,2.4175266125079484,-4.669907219651716,-5.306340746268765,-2.7940038552047324
0.1,4.861103081179438e-06,2.1078829148756453e-05,0.010622507509593822,Yes,0.0016044198193843672,2.7958779685490367e-05,1.4104976700350242,No,Yes,257.39623453597505,-4,2.410602189296381,-4.6761535162467975,-5.3132651694803315,-2.794681981821218
0.1,4.783470824970323e-06,2.0775544412138675e-05,0.007966880632195392,Yes,0.001601844623322196,2.0969084764117727e-05,1.3879718945733863,No,Yes,253.2855933722188,-3,2.4036104882631784,-4.682447586937842,-5.320256870513535,-2.795379612163377
0.1,4.706338492693051e-06,2.04744382819802e-05,0.005311253754796914,Yes,0.001599192835082058,1.3979389842745187e-05,1.365591177039823,No,Yes,249.20142326564084,-2,2.3965505183829947,-4.688788004311513,-5.327316840393718,-2.7960991646698896
0.1,4.629760558714822e-06,2.0175908911030914e-05,0.002655626877398457,Yes,0.0015964491637859065,6.989694921372592e-06,1.3433713237166898,No,Yes,245.14660864324472,-1,2.3894258895964224,-4.695166891492938,-5.33444146918029,-2.796844906275037
0.1,4.484665569967056e-06,1.961989265472487e-05,-0.002655626877398457,Yes,0.001590241587915746,-6.9896949213725936e-06,1.3012705617816396,No,Yes,237.46380432290246,1,2.3755974211995863,-4.70730337308187,-5.348269937577126,-2.798536893082941
0.1,4.416276258309663e-06,1.936281668006725e-05,-0.005311253754796914,Yes,0.0015867823837698472,-1.3979389842745184e-05,1.281426719111133,No,Yes,233.8425786444606,2,2.3689235914568267,-4.713031466261476,-5.354943767319886,-2.799482629646094
0.1,4.3486072550299756e-06,1.9108800717409594e-05,-0.007966880632195392,Yes,0.0015832388064262635,-2.0969084764117717e-05,1.2617918811194926,No,Yes,230.2594934170705,3,2.362217544856527,-4.718766568735417,-5.361649813920185,-2.8004535737724523
0.1,4.2816291293131615e-06,1.8857485183552364e-05,-0.010622507509593822,Yes,0.0015796284341293304,-2.7958779685490367e-05,1.2423575081615092,No,Yes,226.71299027408375,4,2.3554764051848442,-4.724516224839857,-5.368390953591868,-2.801445057339695
0.1,4.215354974108114e-06,1.8608788840932458e-05,-0.013278134386992407,Yes,0.001575961907255906,-3.494847460686286e-05,1.2231273992872076,No,Yes,223.20376248937015,5,2.348701511119481,-4.730281892146869,-5.3751658476572315,-2.8024542840980473
0.3,1.646410014247194e-06,7.1280629368992794e-06,0.013278134386992413,Yes,0.0016069269883600091,3.494847460686285e-05,1.4331669892018983,No,Yes,87.17769014409134,-5,1.9404053577882858,-5.147028474371378,-5.783462000988427,-2.7940038552047324
0.3,1.6203676937264794e-06,7.026276382918816e-06,0.010622507509593824,Yes,0.0016044198193843672,2.7958779685490367e-05,1.4104976700350238,No,Yes,85.798744845325,-4,1.9334809345767188,-5.15327477096646,-5.790386424199994,-2.794681981821218
0.3,1.594490274990107e-06,6.925181470712888e-06,0.007966880632195389,Yes,0.001601844623322196,2.0969084764117734e-05,1.387971894573386,No,Yes,84.42853112407289,-3,1.9264892335435155,-5.159568841657505,-5.797378125233197,-2.795379612163377
0.3,1.5687794975643503e-06,6.8248127606600665e-06,0.005311253754796912,Yes,0.0015991928350820586,1.3979389842745187e-05,1.365591177039823,No,Yes,83.06714108854693,-2,1.919429263663332,-5.165909259031175,-5.8044380951133805,-2.7960991646698896
0.3,1.543253519571606e-06,6.725302970343634e-06,0.002655626877398457,Yes,0.0015964491637859065,6.9896949213725936e-06,1.3433713237166889,No,Yes,81.71553621441484,-1,1.9123046348767598,-5.1722881462126,-5.811562723899953,-2.796844906275037
0.3,1.4948885233223516e-06,6.539964218241622e-06,-0.002655626877398457,Yes,0.001590241587915746,-6.9896949213725936e-06,1.3012705617816391,No,Yes,79.15460144096747,1,1.8984761664799237,-5.1844246278015325,-5.825391192296789,-2.798536893082941
0.3,1.4720920861032209e-06,6.4542722266890825e-06,-0.005311253754796912,Yes,0.0015867823837698472,-1.3979389842745187e-05,1.281426719111133,No,Yes,77.94752621482016,2,1.8918023367371641,-5.190152720981138,-5.832065022039548,-2.799482629646094
0.3,1.449535751676659e-06,6.369600239136537e-06,-0.007966880632195392,Yes,0.001583238806426263,-2.096908476411773e-05,1.2617918811194928,No,Yes,76.75316447235689,3,1.8850962901368649,-5.195887823455079,-5.838771068639848,-2.8004535737724527
0.3,1.4272097097710526e-06,6.285828394517452e-06,-0.010622507509593829,Yes,0.0015796284341293304,-2.7958779685490374e-05,1.2423575081615088,No,Yes,75.5709967580279,4,1.8783551504651816,-5.20163747955952,-5.845512208311531,-2.801445057339695
0.3,1.4051183247027048e-06,6.202929613644156e-06,-0.013278134386992416,Yes,0.001575961907255906,-3.494847460686286e-05,1.223127399287208,No,Yes,74.40125416312341,5,1.8715802563998187,-5.207403146866531,-5.852287102376894,-2.8024542840980473
0.5,9.87846008548317e-07,4.276837762139567e-06,0.013278134386992407,Yes,0.0016069269883600096,3.494847460686285e-05,1.4331669892018986,No,Yes,52.30661408645482,-5,1.7185566081719295,-5.368877223987735,-6.0053107506047825,-2.7940038552047324
0.5,9.722206162358879e-07,4.21576582975129e-06,0.010622507509593829,Yes,0.0016044198193843672,2.7958779685490367e-05,1.410497670035025,No,Yes,51.479246907195005,-4,1.7116321849603624,-5.375123520582817,-6.01223517381635,-2.794681981821218
0.5,9.566941649940646e-07,4.155108882427735e-06,0.007966880632195392,Yes,0.001601844623322196,2.0969084764117734e-05,1.387971894573386,No,Yes,50.65711867444377,-3,1.7046404839271596,-5.381417591273861,-6.019226874849553,-2.795379612163377
0.5,9.412676985386093e-07,4.094887656396035e-06,0.005311253754796914,Yes,0.0015991928350820586,1.3979389842745184e-05,1.3655911770398224,No,Yes,49.8402846531281,-2,1.6975805140469753,-5.387758008647532,-6.0262868447297375,-2.7960991646698896
0.5,9.259521117429644e-07,4.035181782206183e-06,0.002655626877398456,Yes,0.0015964491637859065,6.9896949213725936e-06,1.343371323716689,No,Yes,49.02932172864895,-1,1.690455885260404,-5.394136895828956,-6.033411473516309,-2.796844906275037
0.5,8.969331139934109e-07,3.923978530944973e-06,-0.002655626877398456,Yes,0.001590241587915746,-6.989694921372592e-06,1.3012705617816391,No,Yes,47.492760864580475,1,1.6766274168635673,-5.406273377417889,-6.047239941913145,-2.798536893082941
0.5,8.832552516619326e-07,3.872563336013449e-06,-0.005311253754796914,Yes,0.0015867823837698472,-1.3979389842745187e-05,1.2814267191111333,No,Yes,46.7685157288921,2,1.6699535871208078,-5.412001470597495,-6.053913771655905,-2.799482629646094
0.5,8.697214510059952e-07,3.82176014348192e-06,-0.007966880632195389,Yes,0.001583238806426263,-2.096908476411773e-05,1.261791881119493,No,Yes,46.051898683414095,3,1.663247540520508,-5.417736573071436,-6.060619818256204,-2.8004535737724527
0.5,8.563258258626324e-07,3.7714970367104735e-06,-0.010622507509593829,Yes,0.0015796284341293304,-2.7958779685490374e-05,1.242357508161509,No,Yes,45.34259805481678,4,1.6565064008488255,-5.423486229175876,-6.067360957927887,-2.801445057339695
0.5,8.430709948216224e-07,3.7217577681864923e-06,-0.013278134386992409,Yes,0.001575961907255906,-3.494847460686285e-05,1.2231273992872076,No,Yes,44.64075249787402,5,1.6497315067834621,-5.429251896482888,-6.07413585199325,-2.8024542840980473
0.7,7.056042918202263e-07,3.054884115813977e-06,0.013278134386992409,Yes,0.0016069269883600096,3.494847460686285e-05,1.4331669892018986,No,Yes,37.361867204610576,-5,1.5724285724936915,-5.515005259665973,-6.151438786283021,-2.7940038552047324
0.7,6.944432973113487e-07,3.011261306965208e-06,0.010622507509593824,Yes,0.0016044198193843672,2.7958779685490367e-05,1.4104976700350242,No,Yes,36.77089064799645,-4,1.5655041492821244,-5.5212515562610545,-6.158363209494588,-2.794681981821218
0.7,6.833529749957606e-07,2.9679349160198113e-06,0.00796688063219539,Yes,0.001601844623322196,2.0969084764117727e-05,1.3879718945733863,No,Yes,36.18365619603127,-3,1.5585124482489217,-5.527545626952098,-6.165354910527791,-2.795379612163377
0.7,6.723340703847218e-07,2.9249197545686005e-06,0.005311253754796914,Yes,0.001599192835082058,1.3979389842745187e-05,1.365591177039823,No,Yes,35.60020332366297,-2,1.5514524783687378,-5.53388604432577,-6.172414880407975,-2.7960991646698896
0.7,6.613943655306885e-07,2.882272701575844e-06,0.002655626877398457,Yes,0.0015964491637859065,6.9896949213725936e-06,1.3433713237166889,No,Yes,35.02094409189209,-1,1.5443278495821655,-5.540264931507195,-6.179539509194547,-2.796844906275037
0.7,6.406665099952934e-07,2.8028418078178364e-06,-0.002655626877398457,Yes,0.001590241587915746,-6.9896949213725936e-06,1.3012705617816396,No,Yes,33.92340061755748,1,1.5304993811853291,-5.552401413096127,-6.193367977591383,-2.798536893082941
0.7,6.308966083299519e-07,2.766116668581036e-06,-0.005311253754796914,Yes,0.0015867823837698472,-1.3979389842745187e-05,1.281426719111134,No,Yes,33.406082663494374,2,1.5238255514425698,-5.5581295062757325,-6.200041807334142,-2.799482629646094
0.7,6.212296078614253e-07,2.7298286739156573e-06,-0.007966880632195392,Yes,0.0015832388064262635,-2.0969084764117727e-05,1.2617918811194928,No,Yes,32.8942133452958,3,1.5171195048422703,-5.563864608749674,-6.206747853934442,-2.8004535737724523
0.7,6.116613041875944e-07,2.693926454793195e-06,-0.010622507509593824,Yes,0.0015796284341293304,-2.7958779685490367e-05,1.2423575081615097,No,Yes,32.38757003915483,4,1.5103783651705873,-5.569614264854114,-6.213488993606125,-2.801445057339695
0.7,6.021935677297303e-07,2.6583984058474936e-06,-0.013278134386992413,Yes,0.001575961907255906,-3.494847460686285e-05,1.2231273992872074,No,Yes,31.88625178419573,5,1.5036034711052242,-5.575379932161126,-6.220263887671488,-2.8024542840980473
0.9,5.488033380823982e-07,2.3760209789664268e-06,0.01327813438699242,Yes,0.0016069269883600091,3.494847460686286e-05,1.4331669892018983,No,Yes,29.059230048030447,-5,1.4632841030686234,-5.624149729091041,-6.260583255708089,-2.7940038552047324
0.9,5.401225645754932e-07,2.3420921276396047e-06,0.010622507509593829,Yes,0.0016044198193843672,2.7958779685490367e-05,1.4104976700350242,No,Yes,28.599581615108328,-4,1.4563596798570562,-5.630396025686123,-6.267507678919657,-2.794681981821218
0.9,5.314967583300358e-07,2.308393823570964e-06,0.007966880632195392,Yes,0.001601844623322196,2.096908476411773e-05,1.3879718945733863,No,Yes,28.142843708024305,-3,1.4493679788238534,-5.6366900963771664,-6.274499379952859,-2.795379612163377
0.9,5.229264991881167e-07,2.2749375868866887e-06,0.005311253754796912,Yes,0.0015991928350820586,1.3979389842745187e-05,1.3655911770398226,No,Yes,27.68904702951564,-2,1.4423080089436695,-5.643030513750838,-6.281559349833043,-2.7960991646698896
0.9,5.144178398572022e-07,2.2417676567812124e-06,0.002655626877398457,Yes,0.0015964491637859065,6.9896949213725936e-06,1.3433713237166889,No,Yes,27.23851207147164,-1,1.4351833801570977,-5.649409400932262,-6.288683978619615,-2.796844906275037
0.9,4.982961744407837e-07,2.179988072747206e-06,-0.002655626877398457,Yes,0.001590241587915746,-6.9896949213725936e-06,1.3012705617816394,No,Yes,26.38486714698915,1,1.421354911760261,-5.661545882521195,-6.3025124470164515,-2.798536893082941
0.9,4.906973620344071e-07,2.151424075563028e-06,-0.005311253754796912,Yes,0.0015867823837698472,-1.3979389842745184e-05,1.2814267191111337,No,Yes,25.982508738273395,2,1.4146810820175018,-5.667273975700801,-6.309186276759211,-2.799482629646094
0.9,4.831785838922196e-07,2.1232000797121783e-06,-0.00796688063219539,Yes,0.001583238806426263,-2.0969084764117717e-05,1.261791881119493,No,Yes,25.58438815745229,3,1.4079750354172023,-5.673009078174742,-6.315892323359511,-2.8004535737724527
0.9,4.7573656992368423e-07,2.095276131505817e-06,-0.010622507509593829,Yes,0.0015796284341293304,-2.7958779685490367e-05,1.2423575081615097,No,Yes,25.19033225267596,4,1.401233895745519,-5.6787587342791825,-6.322633463031194,-2.801445057339695
0.9,4.683727749009014e-07,2.067643204548051e-06,-0.013278134386992416,Yes,0.001575961907255906,-3.494847460686285e-05,1.2231273992872078,No,Yes,24.80041805437445,5,1.3944590016801561,-5.684524401586193,-6.329408357096557,-2.8024542840980473
1.1,4.4902091297650755e-07,1.9440171646088947e-06,0.013278134386992409,Yes,0.0016069269883600091,3.494847460686286e-05,1.4331669892018983,No,Yes,23.77573367566127,-5,1.376133927349723,-5.711299904809941,-6.347733431426989,-2.7940038552047324
1.1,4.4191846192540367e-07,1.9162571953414958e-06,0.010622507509593824,Yes,0.0016044198193843676,2.7958779685490367e-05,1.4104976700350242,No,Yes,23.39965768508865,-4,1.3692095041381562,-5.717546201405023,-6.354657854638556,-2.7946819818212174
1.1,4.3486098408821106e-07,1.8886858556489696e-06,0.007966880632195392,Yes,0.001601844623322196,2.0969084764117717e-05,1.3879718945733863,No,Yes,23.025963033838067,-3,1.362217803104953,-5.723840272096067,-6.361649555671759,-2.795379612163377
1.1,4.2784895388118624e-07,1.8613125710891083e-06,0.005311253754796911,Yes,0.001599192835082058,1.3979389842745187e-05,1.365591177039822,No,Yes,22.65467484233097,-2,1.3551578332247693,-5.730180689469738,-6.368709525551943,-2.7960991646698896
1.1,4.2088732351952896e-07,1.8341735373664455e-06,0.002655626877398457,Yes,0.0015964491637859065,6.989694921372592e-06,1.3433713237166895,No,Yes,22.286055331204054,-1,1.3480332044381973,-5.736559576651163,-6.3758341543385155,-2.796844906275037
1.1,4.0769686999700495e-07,1.7836266049749871e-06,-0.0026556268773984554,Yes,0.001590241587915746,-6.9896949213725936e-06,1.3012705617816394,No,Yes,21.587618574809305,1,1.334204736041361,-5.748696058240095,-6.389662622735352,-2.798536893082941
1.1,4.014796598463329e-07,1.7602560618242946e-06,-0.005311253754796912,Yes,0.0015867823837698472,-1.3979389842745187e-05,1.2814267191111333,No,Yes,21.25841624040549,2,1.3275309062986014,-5.754424151419701,-6.396336452478111,-2.799482629646094
1.1,3.953279322754524e-07,1.7371637015826911e-06,-0.007966880632195392,Yes,0.001583238806426263,-2.096908476411773e-05,1.2617918811194924,No,Yes,20.932681219733688,3,1.320824859698302,-5.760159253893642,-6.403042499078411,-2.8004535737724527
1.1,3.892390117557417e-07,1.714316834868396e-06,-0.010622507509593829,Yes,0.0015796284341293304,-2.7958779685490374e-05,1.2423575081615092,No,Yes,20.61027184309852,4,1.3140837200266189,-5.765908909998083,-6.409783638750094,-2.801445057339695
1.1,3.8321408855528304e-07,1.6917080764484056e-06,-0.013278134386992409,Yes,0.001575961907255906,-3.494847460686285e-05,1.223127399287208,No,Yes,20.29125113539729,5,1.3073088259612562,-5.7716745773050935,-6.416558532815457,-2.8024542840980473
1.3,3.799407725185833e-07,1.6449376008229109e-06,0.013278134386992409,Yes,0.0016069269883600091,3.4948474606862875e-05,1.4331669892018986,No,Yes,20.117928494790316,-5,1.3035832602011117,-5.783850571958553,-6.420284098575601,-2.7940038552047324
1.3,3.739310062445722e-07,1.6214483960581885e-06,0.010622507509593829,Yes,0.0016044198193843672,2.7958779685490388e-05,1.4104976700350242,No,Yes,19.79971034892116,-4,1.2966588369895444,-5.7900968685536345,-6.427208521787168,-2.794681981821218
1.3,3.6795929422848624e-07,1.5981188009337437e-06,0.007966880632195392,Yes,0.001601844623322196,2.0969084764117717e-05,1.387971894573386,No,Yes,19.483507182478363,-3,1.2896671359563414,-5.796390939244678,-6.434200222820372,-2.795379612163377
1.3,3.6202603789946534e-07,1.5749567909215538e-06,0.005311253754796914,Yes,0.001599192835082058,1.3979389842745184e-05,1.365591177039823,No,Yes,19.169340251203128,-2,1.2826071660761575,-5.80273135661835,-6.441260192700555,-2.7960991646698896
1.3,3.5613542759344737e-07,1.5519929931562225e-06,0.002655626877398456,Yes,0.001596449163785907,6.9896949213725936e-06,1.3433713237166889,No,Yes,18.857431434095727,-1,1.2754825372895853,-5.809110243799775,-6.448384821487127,-2.796844906275037
1.3,3.4497427461285056e-07,1.509222511901913e-06,-0.002655626877398457,Yes,0.001590241587915746,-6.9896949213725936e-06,1.3012705617816398,No,Yes,18.26644648637712,1,1.2616540688927496,-5.821246725388706,-6.462213289883963,-2.798536893082941
1.3,3.397135583315125e-07,1.4894474369282499e-06,-0.005311253754796912,Yes,0.0015867823837698472,-1.3979389842745187e-05,1.281426719111133,No,Yes,17.987890664958503,2,1.2549802391499898,-5.826974818568313,-6.468887119626722,-2.799482629646094
1.3,3.345082503869212e-07,1.4699077474930462e-06,-0.007966880632195392,Yes,0.001583238806426263,-2.096908476411773e-05,1.2617918811194933,No,Yes,17.712268724390047,3,1.2482741925496903,-5.832709921042254,-6.475593166227022,-2.8004535737724527
1.3,3.2935608687024315e-07,1.450575783350182e-06,-0.010622507509593829,Yes,0.0015796284341293304,-2.7958779685490388e-05,1.242357508161509,No,Yes,17.43946079031414,4,1.2415330528780075,-5.838459577146694,-6.482334305898705,-2.801445057339695
1.3,3.242580749313932e-07,1.4314452954563429e-06,-0.013278134386992407,Yes,0.001575961907255906,-3.494847460686285e-05,1.223127399287208,No,Yes,17.169520191490008,5,1.2347581588126442,-5.844225244453705,-6.489109199964068,-2.8024542840980473
1.5,3.292820028494389e-07,1.425612587379856e-06,0.013278134386992413,Yes,0.0016069269883600091,3.494847460686285e-05,1.4331669892018992,No,Yes,17.435538028818268,-5,1.241435353452267,-5.845998478707397,-6.482432005324445,-2.7940038552047324
1.5,3.2407353874529586e-07,1.4052552765837631e-06,0.010622507509593829,Yes,0.0016044198193843672,2.7958779685490367e-05,1.410497670035025,No,Yes,17.159748969065,-4,1.2345109302406998,-5.852244775302479,-6.489356428536013,-2.794681981821218
1.5,3.188980549980214e-07,1.385036294142578e-06,0.007966880632195392,Yes,0.0016018446233221958,2.0969084764117717e-05,1.3879718945733863,No,Yes,16.88570622481458,-3,1.2275192292074968,-5.8585388459935235,-6.496348129569216,-2.795379612163377
1.5,3.137558995128701e-07,1.3649625521320132e-06,0.005311253754796911,Yes,0.001599192835082058,1.3979389842745184e-05,1.3655911770398226,No,Yes,16.613428217709384,-2,1.2204592593273134,-5.864879263367194,-6.503408099449399,-2.7960991646698896
1.5,3.0865070391432115e-07,1.3450605940687264e-06,0.002655626877398457,Yes,0.0015964491637859065,6.9896949213725936e-06,1.3433713237166889,No,Yes,16.343107242882972,-1,1.213334630540741,-5.871258150548619,-6.5105327282359715,-2.796844906275037
1.5,2.9897770466447027e-07,1.307992843648324e-06,-0.002655626877398456,Yes,0.0015902415879157465,-6.9896949213725936e-06,1.3012705617816394,No,Yes,15.830920288193495,1,1.199506162143905,-5.883394632137551,-6.524361196632808,-2.798536893082941
1.5,2.944184172206441e-07,1.2908544453378165e-06,-0.005311253754796914,Yes,0.001586782383769847,-1.3979389842745187e-05,1.2814267191111333,No,Yes,15.58950524296403,2,1.1928323324011452,-5.889122725317157,-6.531035026375568,-2.799482629646094
1.5,2.8990715033533173e-07,1.2739200478273066e-06,-0.007966880632195392,Yes,0.0015832388064262635,-2.0969084764117727e-05,1.2617918811194926,No,Yes,15.350632894471369,3,1.1861262858008457,-5.894857827791099,-6.537741072975867,-2.8004535737724523
1.5,2.8544194195421056e-07,1.2571656789034905e-06,-0.010622507509593824,Yes,0.0015796284341293304,-2.7958779685490367e-05,1.2423575081615092,No,Yes,15.114199351605578,4,1.1793851461291627,-5.900607483895539,-6.54448221264755,-2.801445057339695
1.5,2.810236649405408e-07,1.2405859227288308e-06,-0.013278134386992409,Yes,0.001575961907255906,-3.494847460686285e-05,1.2231273992872076,No,Yes,14.880250832624672,5,1.1726102520637998,-5.9063731512025495,-6.551257106712913,-2.8024542840980473
0.1,7.70577372285349e-06,6.65121282556043e-05,0.043625348707574174,No,0.0008060186276494213,0.00011482331380948936,2.235907303423156,Yes,No,408.02202860662516,-5,2.6106836107468507,-4.177099155385258,-5.113183748029862,-3.0936549212322886
0.1,7.580563701836557e-06,6.578492171632577e-05,0.034900278965999225,No,0.000801686943848499,9.185865104743395e-05,2.1995763637249013,Yes,No,401.39213670807504,-4,2.6035688603842964,-4.181873637781276,-5.120298498392416,-3.0959951891988244
0.1,7.455974066273477e-06,6.506059883613658e-05,0.02617520922456102,No,0.0007972894251093251,6.88939882857373e-05,2.1634254350699016,Yes,No,394.7950943247718,-3,2.5963717475413723,-4.186681943666634,-5.12749561123534,-3.098383996156391
0.1,7.331962833707546e-06,6.433911225644739e-05,0.01745013948299042,No,0.0007928204831607384,4.592932552369254e-05,2.127442335828586,Yes,No,388.2286784784962,-2,2.5890876135998107,-4.19152493573722,-5.1347797451769015,-3.1008251380273655
0.1,7.2084493456126725e-06,6.362040623486415e-05,0.008725069741504478,No,0.0007882701561435697,2.296466276187076e-05,2.0916036621229748,Yes,No,381.68861828657964,-1,2.5817092097551475,-4.196403562122767,-5.142158149021565,-3.1033249154864815
0.1,6.963678660748538e-06,6.221155177086536e-05,-0.008725069741500514,No,0.0007787487445062767,-2.296466276186032e-05,2.0205810002028053,Yes,No,368.72796891200727,1,2.5667060811468216,-4.206128965718592,-5.157161277629891,-3.1086026404989835
0.1,6.842680143414358e-06,6.15222258166978e-05,-0.017450139482987168,No,0.0007737913519104824,-4.592932552368399e-05,1.9854720704131124,Yes,No,362.3210768494146,2,2.559093598437386,-4.2109679605534565,-5.164773760339327,-3.1113761283735544
0.1,6.722586584765546e-06,6.083682247272245e-05,-0.026175209224503518,No,0.0007687755334172278,-6.88939882855859e-05,1.9506257234355675,Yes,No,355.96210250305495,3,2.5514037632821274,-4.215833477370528,-5.172463595494585,-3.1142004467117417
0.1,6.6035832221311225e-06,6.0155596735239966e-05,-0.03490027896600837,No,0.0007637184589540037,-9.185865104745758e-05,1.916095707733564,Yes,No,349.6608542209906,4,2.54364701421537,-4.220723960707216,-5.180220344561342,-3.1170667124418108
0.1,6.485794857339924e-06,5.947874804624209e-05,-0.0436253487075494,No,0.0007586318306242081,-0.0001148233138094242,1.8819182358057498,Yes,No,343.42394028127467,5,2.535830566799415,-4.2256381814132125,-5.188036791977297,-3.1199689391517693
0.3,2.5685912409511988e-06,2.217070941853537e-05,0.04362534870761179,No,0.0008060186276494102,0.0001148233138095884,2.235907303423196,Yes,No,136.00734286887692,-5,2.1335623560271944,-4.654220410104909,-5.590305002749519,-3.0936549212322944
0.3,2.5268545672788385e-06,2.1928307238774438e-05,0.034900278965985826,No,0.0008016869438485246,9.185865104739816e-05,2.1995763637248884,Yes,No,133.79737890269092,-4,2.1264476056646315,-4.658994892500955,-5.5974197531120815,-3.0959951891988107
0.3,2.4853246887578e-06,2.1686866278711754e-05,0.026175209224522017,No,0.0007972894251093331,6.889398828563446e-05,2.1634254350698834,Yes,No,131.5983647749226,-3,2.1192504928217057,-4.663803198386305,-5.604616865955007,-3.0983839961563864
0.3,2.4439876112358714e-06,2.144637075215e-05,0.01745013948301061,No,0.0007928204831607139,4.592932552374583e-05,2.127442335828605,Yes,No,129.4095594928333,-2,2.1119663588801525,-4.668646190456865,-5.61190099989656,-3.100825138027379
0.3,2.402816448537537e-06,2.120680207828715e-05,0.00872506974149297,No,0.0007882701561435965,2.296466276184036e-05,2.091603662122957,Yes,No,127.2295394288588,-1,2.1045879550354814,-4.673524816842448,-5.619279403741231,-3.103324915486467
0.3,2.3212262202495043e-06,2.073718392362151e-05,-0.008725069741507533,No,0.0007787487445062843,-2.296466276187876e-05,2.020581000202799,Yes,No,122.90932297066864,1,2.0895848264271573,-4.68325022043826,-5.634282532349555,-3.108602640498979
0.3,2.280893381138129e-06,2.0507408605566542e-05,-0.01745013948298481,No,0.0007737913519104629,-4.592932552367778e-05,1.9854720704131223,Yes,No,120.77369228313871,2,2.0819723437177253,-4.688089215273106,-5.641895015058987,-3.1113761283735655
0.3,2.240862194921845e-06,2.0278940824240686e-05,-0.026175209224507168,No,0.0007687755334172316,-6.88939882855954e-05,1.950625723435563,Yes,No,118.6540341676848,3,2.0742825085624643,-4.692954732090193,-5.649584850214248,-3.1142004467117395
0.3,2.2011944073770283e-06,2.005186557841283e-05,-0.034900278966014324,No,0.0007637184589540177,-9.185865104747354e-05,1.9160957077335523,Yes,No,116.55361807366285,4,2.0665257594957054,-4.697845215426889,-5.657341599281007,-3.117066712441803
0.3,2.1619316191132848e-06,1.9826249348746508e-05,-0.04362534870757138,No,0.0007586318306242328,-0.00011482331380948276,1.8819182358057305,Yes,No,114.47464676042368,5,2.058709312079748,-4.702759436132894,-5.665158046696964,-3.119968939151755
0.5,1.5411547445706678e-06,1.3302425651119195e-05,0.04362534870755505,No,0.0008060186276495063,0.00011482331380943896,2.235907303423116,Yes,No,81.60440572132342,-5,1.9117136064108233,-4.876069159721331,-5.812153752365889,-3.093654921232243
0.5,1.5161127403673368e-06,1.31569843432659e-05,0.03490027896602814,No,0.0008016869438484669,9.185865104750996e-05,2.1995763637249346,Yes,No,80.27842734161635,-4,1.9045988560482847,-4.880843642117271,-5.819268502728428,-3.0959951891988418
0.5,1.4911948132546826e-06,1.3012119767227147e-05,0.02617520922452666,No,0.0007972894251093287,6.889398828564678e-05,2.163425435069882,Yes,No,78.95901886495369,-3,1.89740174320535,-4.885651948002658,-5.8264656155713626,-3.0983839961563886
0.5,1.4663925667415212e-06,1.2867822451289958e-05,0.017450139483011644,No,0.0007928204831607155,4.592932552374847e-05,2.1274423358286034,Yes,No,77.64573569569987,-2,1.8901176092637955,-4.890494940073223,-5.833749749512917,-3.100825138027378
0.5,1.4416898691225236e-06,1.2724081246972419e-05,0.00872506974149391,No,0.0007882701561435893,2.296466276184289e-05,2.0916036621229592,Yes,No,76.33772365731538,-1,1.8827392054191256,-4.8953735664588,-5.8411281533575865,-3.103324915486471
0.5,1.3927357321497082e-06,1.24423103541731e-05,-0.008725069741495072,No,0.0007787487445062754,-2.2964662761845956e-05,2.0205810002028044,Yes,No,73.7455937824015,1,1.867736076810803,-4.90509897005461,-5.85613128196591,-3.108602640498984
0.5,1.36853602868286e-06,1.2304445163339155e-05,-0.017450139482999408,No,0.0007737913519105015,-4.592932552371629e-05,1.9854720704130968,Yes,No,72.46421536988231,2,1.8601235941013634,-4.909937964889489,-5.863743764675349,-3.1113761283735437
0.5,1.3445173169530922e-06,1.2167364494543955e-05,-0.02617520922454197,No,0.000768775533417252,-6.889398828568706e-05,1.95062572343554,Yes,No,71.1924205006101,3,1.852433758946103,-4.914803481706566,-5.87143359983061,-3.114200446711728
0.5,1.3207166444262259e-06,1.203111934704809e-05,-0.03490027896599285,No,0.0007637184589539982,-9.1858651047417e-05,1.9160957077335667,Yes,No,69.93217084419821,4,1.844677009879352,-4.919693965043231,-5.87919034889736,-3.117066712441814
0.5,1.2971589714679569e-06,1.1895749609247485e-05,-0.04362534870759493,No,0.0007586318306242513,-0.0001148233138095442,1.881918235805714,Yes,No,68.68478805625345,5,1.8368605624633871,-4.924608185749265,-5.887006796313325,-3.119968939151745
0.7,1.1008248175505109e-06,9.501732607943608e-06,0.04362534870760176,No,0.0008060186276494185,0.00011482331380956245,2.235907303423192,Yes,No,58.28886122951853,-5,1.7655855707325987,-5.022197195399508,-5.958281788044114,-3.09365492123229
0.7,1.0829376716909343e-06,9.39784595947468e-06,0.0349002789659907,No,0.0008016869438485343,9.185865104741128e-05,2.1995763637248884,Yes,No,57.34173381543915,-4,1.7584708203700383,-5.026971677795553,-5.965396538406674,-3.0959951891988053
0.7,1.0651391523247684e-06,9.294371262304944e-06,0.02617520922451169,No,0.0007972894251093389,6.889398828560753e-05,2.1634254350698705,Yes,No,56.39929918925239,-3,1.75127370752711,-5.031779983680904,-5.9725936512496025,-3.0983839961563833
0.7,1.047423261958213e-06,9.19130175092059e-06,0.017450139482984843,No,0.0007928204831607724,4.592932552367791e-05,2.127442335828569,Yes,No,55.461239782641876,-2,1.7439895735855506,-5.0366229757514995,-5.979877785191162,-3.100825138027347
0.7,1.029778477944664e-06,9.08862946212332e-06,0.00872506974149762,No,0.0007882701561435785,2.296466276185259e-05,2.091603662122972,Yes,No,54.52694546951121,-1,1.7366111697408895,-5.04150160213703,-5.987256189035823,-3.103324915486477
0.7,9.948112372497862e-07,8.887364538694878e-06,-0.008725069741508643,No,0.0007787487445062883,-2.2964662761881704e-05,2.020581000202794,Yes,No,52.6754241302865,1,1.7216080411325625,-5.051227005732858,-6.00225931764415,-3.108602640498977
0.7,9.77525734773483e-07,8.788889402385686e-06,-0.01745013948298323,No,0.0007737913519104602,-4.592932552367352e-05,1.9854720704131208,Yes,No,51.760153835630845,2,1.7139955584231308,-5.056066000567699,-6.009871800353582,-3.111376128373567
0.7,9.603695121093675e-07,8.690974638960575e-06,-0.026175209224511543,No,0.0007687755334172111,-6.889398828560718e-05,1.950625723435572,Yes,No,50.851728929008075,3,1.7063057232678724,-5.060931517384773,-6.01756163550884,-3.114200446711751
0.7,9.433690317330148e-07,8.593656676462662e-06,-0.034900278966010966,No,0.0007637184589540183,-9.18586510474646e-05,1.9160957077335603,Yes,No,49.95155060299852,4,1.6985489742011122,-5.065822000721482,-6.0253183845756,-3.1170667124418023
0.7,9.265421224771164e-07,8.496964006605592e-06,-0.04362534870757899,No,0.0007586318306242328,-0.00011482331380950259,1.88191823580572,Yes,No,49.06056289732413,5,1.6907325267851512,-5.070736221427491,-6.033134831991561,-3.119968939151755
0.9,8.561970803170362e-07,7.3902364728439635e-06,0.04362534870754976,No,0.0008060186276495088,0.00011482331380942537,2.2359073034231107,Yes,No,45.33578095629072,-5,1.6564411013075164,-5.131341664824639,-6.067426257469196,-3.0936549212322415
0.9,8.42284855759636e-07,7.3094357462588e-06,0.03490027896603917,No,0.0008016869438484749,9.185865104753863e-05,2.1995763637249492,Yes,No,44.59912630089819,-4,1.6493263509449807,-5.136116147220578,-6.074541007831732,-3.0959951891988373
0.9,8.284415629192516e-07,7.2289554262366505e-06,0.02617520922450761,No,0.0007972894251093847,6.889398828559665e-05,2.1634254350698434,Yes,No,43.866121591640045,-3,1.6421292381020351,-5.140924453106003,-6.081738120674677,-3.098383996156358
0.9,8.14662537078604e-07,7.148790250715738e-06,0.017450139482971017,No,0.0007928204831607977,4.592932552364159e-05,2.1274423358285524,Yes,No,43.136519830943364,-2,1.6348451041604792,-5.145767445176585,-6.089022254616233,-3.100825138027333
0.9,8.009388161791831e-07,7.068934026095912e-06,0.008725069741494519,No,0.0007882701561435787,2.296466276184449e-05,2.091603662122961,Yes,No,42.40984647628649,-1,1.6274667003158214,-5.1506460715620985,-6.096400658460891,-3.1033249154864766
0.9,7.737420734165116e-07,6.912394641207622e-06,-0.00872506974148715,No,0.0007787487445062438,-2.296466276182512e-05,2.0205810002028235,Yes,No,40.969774323556756,1,1.6124635717075009,-5.160371475157894,-6.111403787069212,-3.1086026404990017
0.9,7.602977937127121e-07,6.835802868522398e-06,-0.01745013948297961,No,0.0007737913519104409,-4.592932552366402e-05,1.9854720704131268,Yes,No,40.25789742771304,2,1.6048510889980645,-5.165210469992755,-6.1190162697786485,-3.111376128373578
0.9,7.46954064973937e-07,6.759646941413186e-06,-0.026175209224533383,No,0.0007687755334172628,-6.889398828566457e-05,1.9506257234355315,Yes,No,39.551344722561005,3,1.5971612538427953,-5.17007598680988,-6.126706104933917,-3.1142004467117217
0.9,7.337314691257024e-07,6.683955192805312e-06,-0.03490027896595519,No,0.000763718458953927,-9.185865104731762e-05,1.916095707733624,Yes,No,38.85120602455569,4,1.5894045047760585,-5.174966470146484,-6.134462854000654,-3.1170667124418543
0.9,7.206438730377732e-07,6.608749782916061e-06,-0.043625348707545294,No,0.0007586318306241808,-0.00011482331380941409,1.881918235805761,Yes,No,38.1582155868085,5,1.5815880573600927,-5.179880690852519,-6.14227930141662,-3.119968939151785
1.1,7.005248838957759e-07,6.046557114145838e-06,0.04362534870760232,No,0.0008060186276494271,0.00011482331380956345,2.235907303423189,Yes,No,37.0929116915116,-5,1.5692909255886283,-5.218491840543483,-6.154576433188084,-3.0936549212322855
1.1,6.891421547124118e-07,5.980447428756818e-06,0.034900278965979484,No,0.0008016869438485057,9.185865104738167e-05,2.199576363724893,Yes,No,36.4901942461885,-4,1.5621761752260694,-5.223266322939507,-6.161691183550643,-3.095995189198821
1.1,6.778158242066601e-07,5.9145998941935275e-06,0.02617520922451651,No,0.0007972894251093974,6.889398828562e-05,2.1634254350698456,Yes,No,35.890463120432756,-3,1.5549790623831348,-5.228074628824911,-6.168888296393578,-3.0983839961563513
1.1,6.665420757915842e-07,5.849010205131168e-06,0.01745013948296876,No,0.0007928204831607816,4.5929325523635635e-05,2.127442335828557,Yes,No,35.29351622531726,-2,1.5476949284415786,-5.232917620895476,-6.176172430335134,-3.100825138027342
1.1,6.5531357687388e-07,5.7836732940785455e-06,0.008725069741507191,No,0.0007882701561435725,2.2964662761877825e-05,2.091603662122977,Yes,No,34.698965298779996,-1,1.540316524596923,-5.237796247280993,-6.18355083417979,-3.10332491548648
1.1,6.330616964316887e-07,5.655595615533397e-06,-0.008725069741492059,No,0.0007787487445062559,-2.296466276183793e-05,2.020581000202817,Yes,No,33.5207244465463,1,1.525313395988599,-5.247521650876803,-6.198553962788114,-3.108602640498995
1.1,6.220618312194795e-07,5.592929619699672e-06,-0.017450139483018615,No,0.0007737913519104907,-4.592932552376687e-05,1.9854720704130908,Yes,No,32.938279713582745,2,1.5177009132791557,-5.252360645711692,-6.206166445497557,-3.11137612837355
1.1,6.111442349786894e-07,5.5306202247931775e-06,-0.026175209224519148,No,0.0007687755334172005,-6.889398828562695e-05,1.9506257234355744,Yes,No,32.36019113664154,3,1.5100110781239047,-5.2572261625287355,-6.2138562806528075,-3.1142004467117568
1.1,6.00325747466465e-07,5.468690612294577e-06,-0.0349002789659938,No,0.0007637184589539979,-9.185865104741944e-05,1.9160957077335659,Yes,No,31.78735038372639,4,1.5022543290571448,-5.262116645865438,-6.221613029719568,-3.117066712441814
1.1,5.89617714303637e-07,5.407158913295157e-06,-0.04362534870754629,No,0.0007586318306241588,-0.00011482331380941653,1.8819182358057736,Yes,No,31.220358207389,5,1.4944378816411958,-5.267030866571403,-6.2294294771355165,-3.1199689391517977
1.3,5.927518248348653e-07,5.116317558122423e-06,0.04362534870752825,No,0.0008060186276495513,0.00011482331380936935,2.2359073034231005,Yes,No,31.386309892816342,-5,1.4967402584400002,-5.291042507692178,-6.227127100336713,-3.0936549212322184
1.3,5.831202847566693e-07,5.060378593563747e-06,0.034900278966032316,No,0.0008016869438484787,9.185865104752062e-05,2.199576363724938,Yes,No,30.87631820831405,-4,1.4896255080774676,-5.295816990088094,-6.234241850699245,-3.0959951891988355
1.3,5.735364666364065e-07,5.0046614489330166e-06,0.026175209224508483,No,0.0007972894251093949,6.889398828559899e-05,2.1634254350698487,Yes,No,30.368853409597047,-3,1.4824283952345245,-5.30062529597352,-6.241438963542188,-3.0983839961563526
1.3,5.639971410544259e-07,4.949162481265122e-06,0.017450139482992316,No,0.0007928204831607475,4.5929325523697604e-05,2.1274423358285834,Yes,No,29.863744498345827,-2,1.4751442612929735,-5.305468288044063,-6.248723097483739,-3.1008251380273606
1.3,5.544961035086684e-07,4.893877402681855e-06,0.008725069741507866,No,0.0007882701561435719,2.2964662761879627e-05,2.0916036621229788,Yes,No,29.360662945121582,-1,1.467765857448312,-5.310346914429604,-6.2561015013284,-3.1033249154864806
1.3,5.356675892883478e-07,4.785503982374223e-06,-0.008725069741503267,No,0.0007787487445062806,-2.2964662761867565e-05,2.0205810002028035,Yes,No,28.363689916308182,1,1.4527627288399836,-5.320072318025432,-6.271104629936729,-3.1086026404989813
1.3,5.263600110318665e-07,4.732478908976573e-06,-0.017450139483004067,No,0.0007737913519105014,-4.592932552372851e-05,1.985472070413087,Yes,No,27.870852065339196,2,1.4451502461305432,-5.32491131286031,-6.278717112646169,-3.1113761283735437
1.3,5.171220449819582e-07,4.679755574824617e-06,-0.026175209224542643,No,0.0007687755334172483,-6.889398828568898e-05,1.9506257234355375,Yes,No,27.38170019254233,3,1.4374604109752849,-5.329776829677382,-6.286406947801428,-3.11420044671173
1.3,5.079679401639408e-07,4.627353595018742e-06,-0.034900278965978096,No,0.0007637184589539695,-9.185865104737794e-05,1.9160957077335947,Yes,No,26.896988786230487,4,1.4297036619085406,-5.334667313014026,-6.294163696868172,-3.1170667124418303
1.3,4.989072967184546e-07,4.575288311249483e-06,-0.04362534870755794,No,0.0007586318306241912,-0.00011482331380944717,1.8819182358057496,Yes,No,26.41722617548261,5,1.4218872144925776,-5.3395815337200405,-6.301980144284135,-3.119968939151779
1.5,5.137182481902329e-07,4.434141883706599e-06,0.04362534870760232,No,0.0008060186276494857,0.00011482331380956421,2.235907303423176,Yes,No,27.20146857377501,-5,1.4345923516911694,-5.353190414440974,-6.289275007085543,-3.093654921232254
1.5,5.053709134557645e-07,4.385661447754741e-06,0.0349002789659717,No,0.0008016869438485464,9.185865104736168e-05,2.1995763637248666,Yes,No,26.75947578053801,-4,1.4274776013286097,-5.357964896836989,-6.296389757448103,-3.0959951891987987
1.5,4.970649377515612e-07,4.337373255742352e-06,0.026175209224539715,No,0.000797289425109335,6.889398828568127e-05,2.1634254350698843,Yes,No,26.31967295498458,-3,1.4202804884856879,-5.362773202722324,-6.303586870291025,-3.098383996156385
1.5,4.887975222471642e-07,4.289274150429589e-06,0.01745013948298152,No,0.0007928204831607736,4.59293255236691e-05,2.127442335828566,Yes,No,25.881911898566127,-2,1.4129963545441249,-5.367616194792926,-6.310871004232588,-3.1008251380273464
1.5,4.805632897075107e-07,4.241360415657567e-06,0.008725069741502235,No,0.0007882701561435762,2.2964662761864794e-05,2.091603662122973,Yes,No,25.445907885771927,-1,1.4056179506994655,-5.372494821178453,-6.318249408077246,-3.103324915486478
1.5,4.6424524404990157e-07,4.147436784724342e-06,-0.008725069741505083,No,0.0007787487445062782,-2.296466276187235e-05,2.0205810002027977,Yes,No,24.581864594133773,1,1.3906148220911394,-5.382220224774275,-6.333252536685573,-3.1086026404989826
1.5,4.5617867622761937e-07,4.101481721113047e-06,-0.017450139482998426,No,0.0007737913519105013,-4.592932552371366e-05,1.9854720704130904,Yes,No,24.154738456627413,2,1.3830023393817006,-5.387059219609153,-6.340865019395012,-3.1113761283735437
1.5,4.481724389843671e-07,4.0557881648480986e-06,-0.02617520922452141,No,0.0007687755334172356,-6.889398828563308e-05,1.9506257234355568,Yes,No,23.73080683353686,3,1.3753125042264436,-5.391924736426216,-6.348554854550269,-3.1142004467117372
1.5,4.4023888147540454e-07,4.01037311568257e-06,-0.03490027896602607,No,0.0007637184589540152,-9.185865104750413e-05,1.9160957077335452,Yes,No,23.310723614732513,4,1.3675557551596853,-5.396815219762908,-6.356311603617027,-3.117066712441804
1.5,4.32386323822649e-07,3.965249869749156e-06,-0.04362534870761088,No,0.0007586318306242465,-0.00011482331380958645,1.881918235805704,Yes,No,22.894929352084308,5,1.3597393077437214,-5.4017294404689284,-6.364128051032991,-3.1199689391517476
0.5,1.8042914320894764e-06,2.6544178389709453e-05,2.112784981275813,No,3599189.8734269673,0.005560917679837096,2.6176660096754083,Yes,Yes,95.5375380586812,-5,1.9801740456001946,-4.576030712641064,-5.743693313176518,6.556204758241258
0.5,1.745759670862632e-06,2.36973642121826e-05,1.690227985020638,No,3900782.8264629836,0.004448734143869668,2.5327481304875064,Yes,Yes,92.4382713513204,-4,1.9658518153271678,-4.625299956595949,-5.758015543449544,6.5911517719231165
0.5,1.6829763439261116e-06,2.0917156273385887e-05,1.2676709887654565,No,4260324.986444301,0.0033365506079022136,2.4416620797679958,Yes,Yes,89.11388351686605,-3,1.949945370311326,-4.679497358940711,-5.7739219884653865,6.6294427292520375
0.5,1.6144183891051882e-06,1.819919190672637e-05,0.8451139925103486,No,4697116.695750171,0.0022243670719349195,2.3421981989138008,Yes,Yes,85.48372815424584,-2,1.9318834545485282,-4.739947895434764,-5.791983904228184,6.671831349983292
0.5,1.5369311876024954e-06,1.5535033129011693e-05,0.4225569962551328,No,5238531.96745846,0.0011121835359673444,2.2297797669736945,Yes,Yes,81.380767661854,-1,1.9105217822208143,-4.808687816259562,-5.813345576555898,6.719209598480376
0.5,1.0268841583511659e-06,1.0477959779375037e-05,-0.4225569962551626,No,5189339.518369892,-0.0011121835359674246,1.4898035369358762,Yes,Yes,54.37369075500114,1,1.7353888128643224,-4.97972327296471,-5.98847854591239,6.715112085829032
0.5,8.407259314593544e-07,9.566160838264124e-06,-0.8451139925103365,No,4653547.201100493,-0.0022243670719348826,1.2197251813612306,Yes,Yes,44.516580994181155,2,1.6485218018356287,-5.0192623215004994,-6.075345556941084,6.667784123336128
0.5,7.086904564902206e-07,8.898489954189321e-06,-1.2676709887653992,No,4217039.109075832,-0.003336550607902065,1.0281681142760095,Yes,Yes,37.525280148534776,3,1.5743239431940184,-5.050683685512822,-6.149543415582694,6.6250076287068405
0.5,6.079259239052702e-07,8.355879288990254e-06,-1.6902279850206408,No,3852351.129653647,-0.004448734143869672,0.8819789304017664,Yes,Yes,32.18978101819112,4,1.5077180222614222,-5.078007842567279,-6.21614933651529,6.585725864828702
0.5,5.280541547989665e-07,7.89283090078221e-06,-2.1127849812758326,No,3542525.8208738,-0.005560917679837174,0.7661009677823415,Yes,Yes,27.96055726581159,5,1.4465458228338426,-5.102767201596492,-6.27732153594287,6.549313024430336
